donor,recipient,donor_date,recipient_date,gap_days,is_primary_donor,borrowed_trait_count,borrowed_traits
gpt2,gpt_neox,2019-02-14,2022-04-14,1155,1,46,altup|attention_family|attention_output_gating|attention_pattern|attention_projection|bitlinear_weights|block_norm_variant|chunked_kv_cache|conv_on_kv|cross_layer_kv_sharing|dual_attention_modules|ffn_activation_core|ffn_core|ffn_projection_style|gated_delta_net|global_plus_linear_attention_mix|has_aux_relu2_gate|has_aux_silu_gate|has_moe|hybrid_block_schedule|kv_layout|kv_lora_present|kv_reuse_attention|laurel|lm_head_bias|modality|ngram_memory|norm_scheme|optional_nope|periodic_no_rope_layers|projection_bias_scheme|q_lora_present|qk_norm|residual_update_rule|rglru_recurrence|rope_parameterization|rope_partition_detail|same_block_attention_ssm|secondary_token_mixer|stack_topology|state_update_rule|tie_embeddings_configurable|uses_logit_scale|uses_logit_softcap|window_schedule_detail|windowed_rope_scope
gpt2,gpt_bigcode,2019-02-14,2022-12-22,1407,1,42,altup|attention_family|attention_output_gating|attention_pattern|attention_projection|bitlinear_weights|block_norm_variant|chunked_kv_cache|conv_on_kv|cross_layer_kv_sharing|dual_attention_modules|ffn_core|ffn_projection_style|gated_delta_net|global_plus_linear_attention_mix|has_aux_relu2_gate|has_aux_silu_gate|has_moe|hybrid_block_schedule|kv_lora_present|kv_reuse_attention|laurel|lm_head_bias|modality|ngram_memory|norm_scheme|output_head_connection|positional_encoding|projection_bias_scheme|q_lora_present|qk_norm|residual_scheme|residual_update_rule|rglru_recurrence|same_block_attention_ssm|secondary_token_mixer|stack_topology|state_update_rule|tie_embeddings_default|uses_logit_scale|uses_logit_softcap|window_schedule_detail
gpt2,llama,2019-02-14,2023-02-27,1474,1,39,altup|attention_family|attention_output_gating|bitlinear_weights|chunked_kv_cache|conv_on_kv|cross_layer_kv_sharing|dual_attention_modules|ffn_core|gated_delta_net|global_plus_linear_attention_mix|has_aux_relu2_gate|has_aux_silu_gate|has_moe|hybrid_block_schedule|kv_layout|kv_lora_present|kv_reuse_attention|laurel|lm_head_bias|modality|ngram_memory|optional_nope|output_head_connection|periodic_no_rope_layers|q_lora_present|qk_norm|residual_scheme|residual_update_rule|rglru_recurrence|rope_partition_detail|same_block_attention_ssm|secondary_token_mixer|stack_topology|state_update_rule|tie_embeddings_default|uses_logit_scale|uses_logit_softcap|windowed_rope_scope
gpt_neox,qwen,2022-04-14,2023-08-03,476,0,6,attention_pattern|attention_projection|rope_parameterization|tie_embeddings_configurable|tie_embeddings_default|window_schedule_detail
llama,qwen,2023-02-27,2023-08-03,157,1,38,altup|attention_family|attention_output_gating|bitlinear_weights|block_norm_variant|chunked_kv_cache|conv_on_kv|cross_layer_kv_sharing|dual_attention_modules|ffn_activation_core|ffn_core|ffn_projection_style|gated_delta_net|global_plus_linear_attention_mix|has_aux_relu2_gate|has_aux_silu_gate|has_moe|hybrid_block_schedule|kv_lora_present|kv_reuse_attention|laurel|modality|ngram_memory|optional_nope|periodic_no_rope_layers|positional_encoding|q_lora_present|qk_norm|residual_update_rule|rglru_recurrence|rope_partition_detail|same_block_attention_ssm|secondary_token_mixer|stack_topology|state_update_rule|uses_logit_scale|uses_logit_softcap|windowed_rope_scope
llama,plamo,2023-02-27,2023-09-28,213,1,42,altup|attention_family|attention_output_gating|attention_projection|bitlinear_weights|block_norm_variant|chunked_kv_cache|conv_on_kv|cross_layer_kv_sharing|dual_attention_modules|ffn_activation_core|ffn_core|ffn_projection_style|gated_delta_net|global_plus_linear_attention_mix|has_aux_relu2_gate|has_aux_silu_gate|has_moe|hybrid_block_schedule|kv_lora_present|kv_reuse_attention|laurel|lm_head_bias|modality|ngram_memory|norm_scheme|optional_nope|periodic_no_rope_layers|positional_encoding|projection_bias_scheme|q_lora_present|qk_norm|residual_update_rule|rglru_recurrence|rope_partition_detail|same_block_attention_ssm|secondary_token_mixer|stack_topology|state_update_rule|uses_logit_scale|uses_logit_softcap|windowed_rope_scope
qwen,plamo,2023-08-03,2023-09-28,56,0,7,attention_pattern|kv_layout|residual_scheme|rope_parameterization|tie_embeddings_configurable|tie_embeddings_default|window_schedule_detail
gpt_neox,stablelm,2022-04-14,2023-10-02,536,1,29,attention_family|attention_output_gating|attention_pattern|bitlinear_weights|block_norm_variant|global_plus_linear_attention_mix|has_aux_relu2_gate|has_aux_silu_gate|has_moe|hybrid_block_schedule|kv_layout|kv_reuse_attention|lm_head_bias|ngram_memory|norm_scheme|optional_nope|periodic_no_rope_layers|positional_encoding|qk_norm|residual_scheme|residual_update_rule|rglru_recurrence|rope_parameterization|rope_partition_detail|secondary_token_mixer|tie_embeddings_configurable|tie_embeddings_default|window_schedule_detail|windowed_rope_scope
llama,stablelm,2023-02-27,2023-10-02,217,0,20,altup|attention_projection|chunked_kv_cache|conv_on_kv|cross_layer_kv_sharing|dual_attention_modules|ffn_activation_core|ffn_core|ffn_projection_style|gated_delta_net|kv_lora_present|laurel|modality|projection_bias_scheme|q_lora_present|same_block_attention_ssm|stack_topology|state_update_rule|uses_logit_scale|uses_logit_softcap
gpt_neox,nemotron,2022-04-14,2023-11-14,579,0,20,attention_family|attention_pattern|conv_on_kv|ffn_projection_style|gated_delta_net|has_moe|hybrid_block_schedule|kv_lora_present|kv_reuse_attention|modality|norm_scheme|optional_nope|positional_encoding|q_lora_present|rglru_recurrence|rope_partition_detail|stack_topology|tie_embeddings_default|window_schedule_detail|windowed_rope_scope
llama,nemotron,2023-02-27,2023-11-14,260,1,28,altup|attention_output_gating|attention_projection|bitlinear_weights|chunked_kv_cache|cross_layer_kv_sharing|dual_attention_modules|ffn_core|global_plus_linear_attention_mix|has_aux_relu2_gate|has_aux_silu_gate|kv_layout|laurel|lm_head_bias|ngram_memory|output_head_connection|periodic_no_rope_layers|projection_bias_scheme|qk_norm|residual_scheme|residual_update_rule|rope_parameterization|same_block_attention_ssm|secondary_token_mixer|state_update_rule|tie_embeddings_configurable|uses_logit_scale|uses_logit_softcap
llama,mamba,2023-02-27,2023-12-01,277,0,18,conv_on_kv|cross_layer_kv_sharing|dual_attention_modules|ffn_activation_core|ffn_projection_style|gated_delta_net|global_plus_linear_attention_mix|has_moe|hybrid_block_schedule|kv_lora_present|kv_reuse_attention|modality|norm_scheme|projection_bias_scheme|residual_scheme|tie_embeddings_configurable|tie_embeddings_default|uses_logit_scale
qwen,mamba,2023-08-03,2023-12-01,120,1,18,altup|attention_output_gating|bitlinear_weights|block_norm_variant|chunked_kv_cache|has_aux_relu2_gate|laurel|lm_head_bias|ngram_memory|output_head_connection|q_lora_present|qk_norm|residual_update_rule|rglru_recurrence|same_block_attention_ssm|secondary_token_mixer|uses_logit_softcap|window_schedule_detail
llama,mixtral,2023-02-27,2023-12-11,287,1,30,attention_output_gating|bitlinear_weights|block_norm_variant|conv_on_kv|cross_layer_kv_sharing|dual_attention_modules|expert_bias_correction|ffn_projection_style|gated_delta_net|has_aux_silu_gate|kv_lora_present|kv_reuse_attention|laurel|modality|ngram_memory|norm_scheme|optional_nope|output_head_connection|periodic_no_rope_layers|positional_encoding|q_lora_present|qk_norm|residual_scheme|rope_parameterization|rope_partition_detail|same_block_attention_ssm|shared_expert_configurable|tie_embeddings_configurable|uses_logit_softcap|zero_expert_option
plamo,mixtral,2023-09-28,2023-12-11,74,0,24,altup|attention_family|attention_pattern|attention_projection|chunked_kv_cache|ffn_activation_core|ffn_core|global_plus_linear_attention_mix|grouped_expert_selection|has_aux_relu2_gate|has_shared_expert|hybrid_block_schedule|lm_head_bias|projection_bias_scheme|residual_update_rule|rglru_recurrence|router_activation_configurable|secondary_token_mixer|stack_topology|state_update_rule|tie_embeddings_default|uses_logit_scale|window_schedule_detail|windowed_rope_scope
gpt_neox,phi,2022-04-14,2023-12-12,607,0,21,altup|attention_family|block_norm_variant|chunked_kv_cache|conv_on_kv|ffn_activation_core|ffn_projection_style|gated_delta_net|has_aux_silu_gate|ngram_memory|norm_scheme|positional_encoding|projection_bias_scheme|q_lora_present|residual_scheme|rope_partition_detail|same_block_attention_ssm|stack_topology|state_update_rule|uses_logit_scale|uses_logit_softcap
qwen,phi,2023-08-03,2023-12-12,131,1,27,attention_output_gating|attention_pattern|bitlinear_weights|cross_layer_kv_sharing|dual_attention_modules|global_plus_linear_attention_mix|has_aux_relu2_gate|has_moe|hybrid_block_schedule|kv_layout|kv_lora_present|kv_reuse_attention|laurel|lm_head_bias|modality|optional_nope|output_head_connection|periodic_no_rope_layers|qk_norm|residual_update_rule|rglru_recurrence|rope_parameterization|secondary_token_mixer|tie_embeddings_configurable|tie_embeddings_default|window_schedule_detail|windowed_rope_scope
mixtral,deepseek,2023-12-11,2024-01-08,28,1,55,altup|attention_family|attention_output_gating|attention_pattern|attention_projection|bitlinear_weights|block_norm_variant|chunked_kv_cache|coefficient_mix_shared_routed|conv_on_kv|cross_layer_kv_sharing|dual_attention_modules|expert_bias_correction|ffn_activation_core|ffn_core|ffn_projection_style|gated_delta_net|global_plus_linear_attention_mix|grouped_expert_selection|has_aux_relu2_gate|has_aux_silu_gate|has_moe|hybrid_block_schedule|kv_lora_present|kv_reuse_attention|laurel|lm_head_bias|modality|moe_subtype|ngram_memory|norm_scheme|optional_nope|periodic_no_rope_layers|positional_encoding|projection_bias_scheme|q_lora_present|qk_norm|residual_scheme|residual_update_rule|rglru_recurrence|rope_parameterization|rope_partition_detail|router_activation|router_activation_configurable|same_block_attention_ssm|secondary_token_mixer|shared_expert_configurable|stack_topology|state_update_rule|tie_embeddings_default|uses_logit_scale|uses_logit_softcap|window_schedule_detail|windowed_rope_scope|zero_expert_option
phi,deepseek,2023-12-12,2024-01-08,27,0,3,kv_layout|output_head_connection|tie_embeddings_configurable
gpt_neox,phixtral,2022-04-14,2024-01-08,634,1,51,altup|attention_family|attention_output_gating|attention_pattern|attention_projection|bitlinear_weights|block_norm_variant|chunked_kv_cache|conv_on_kv|cross_layer_kv_sharing|dual_attention_modules|expert_bias_correction|ffn_core|ffn_projection_style|gated_delta_net|global_plus_linear_attention_mix|grouped_expert_selection|has_aux_relu2_gate|has_aux_silu_gate|has_shared_expert|hybrid_block_schedule|kv_lora_present|kv_reuse_attention|laurel|lm_head_bias|modality|ngram_memory|norm_scheme|optional_nope|output_head_connection|periodic_no_rope_layers|positional_encoding|q_lora_present|qk_norm|residual_update_rule|rglru_recurrence|rope_parameterization|rope_partition_detail|router_activation_configurable|same_block_attention_ssm|secondary_token_mixer|shared_expert_configurable|stack_topology|state_update_rule|tie_embeddings_configurable|tie_embeddings_default|uses_logit_scale|uses_logit_softcap|window_schedule_detail|windowed_rope_scope|zero_expert_option
mixtral,phixtral,2023-12-11,2024-01-08,28,0,6,has_moe|moe_distribution|moe_schedule_type|moe_subtype|projection_bias_scheme|router_activation
llama,internlm2,2023-02-27,2024-01-17,324,0,21,altup|attention_family|bitlinear_weights|chunked_kv_cache|conv_on_kv|ffn_activation_core|ffn_projection_style|gated_delta_net|global_plus_linear_attention_mix|has_aux_relu2_gate|has_moe|kv_layout|kv_reuse_attention|modality|norm_scheme|optional_nope|output_head_connection|projection_bias_scheme|rope_parameterization|stack_topology|tie_embeddings_configurable
plamo,internlm2,2023-09-28,2024-01-17,111,1,27,attention_output_gating|attention_pattern|block_norm_variant|cross_layer_kv_sharing|dual_attention_modules|ffn_core|has_aux_silu_gate|hybrid_block_schedule|kv_lora_present|laurel|lm_head_bias|ngram_memory|periodic_no_rope_layers|q_lora_present|qk_norm|residual_scheme|residual_update_rule|rglru_recurrence|rope_partition_detail|same_block_attention_ssm|secondary_token_mixer|state_update_rule|tie_embeddings_default|uses_logit_scale|uses_logit_softcap|window_schedule_detail|windowed_rope_scope
deepseek,minicpm,2024-01-08,2024-02-01,24,0,4,attention_pattern|output_head_connection|tie_embeddings_default|window_schedule_detail
llama,minicpm,2023-02-27,2024-02-01,339,1,45,altup|attention_family|attention_output_gating|attention_projection|bitlinear_weights|block_norm_variant|chunked_kv_cache|conv_on_kv|cross_layer_kv_sharing|dual_attention_modules|ffn_activation_core|ffn_core|ffn_projection_style|gated_delta_net|global_plus_linear_attention_mix|has_aux_relu2_gate|has_aux_silu_gate|has_moe|hybrid_block_schedule|kv_layout|kv_lora_present|kv_reuse_attention|laurel|lm_head_bias|modality|ngram_memory|norm_scheme|optional_nope|periodic_no_rope_layers|positional_encoding|projection_bias_scheme|q_lora_present|qk_norm|residual_scheme|rglru_recurrence|rope_parameterization|rope_partition_detail|same_block_attention_ssm|secondary_token_mixer|stack_topology|state_update_rule|tie_embeddings_configurable|uses_logit_scale|uses_logit_softcap|windowed_rope_scope
plamo,olmo,2023-09-28,2024-02-01,126,1,44,altup|attention_output_gating|attention_pattern|bitlinear_weights|chunked_kv_cache|conv_on_kv|cross_layer_kv_sharing|dual_attention_modules|ffn_activation_core|gated_delta_net|global_plus_linear_attention_mix|has_aux_relu2_gate|has_aux_silu_gate|has_moe|hybrid_block_schedule|kv_layout|kv_lora_present|kv_reuse_attention|laurel|lm_head_bias|modality|ngram_memory|optional_nope|output_head_connection|periodic_no_rope_layers|positional_encoding|projection_bias_scheme|q_lora_present|qk_norm|residual_scheme|residual_update_rule|rglru_recurrence|rope_parameterization|rope_partition_detail|same_block_attention_ssm|secondary_token_mixer|stack_topology|state_update_rule|tie_embeddings_configurable|tie_embeddings_default|uses_logit_scale|uses_logit_softcap|window_schedule_detail|windowed_rope_scope
gpt2,gemma,2019-02-14,2024-02-21,1833,1,28,altup|conv_on_kv|cross_layer_kv_sharing|dual_attention_modules|global_plus_linear_attention_mix|has_aux_relu2_gate|has_aux_silu_gate|kv_layout|kv_lora_present|kv_reuse_attention|modality|ngram_memory|optional_nope|output_head_connection|periodic_no_rope_layers|q_lora_present|residual_scheme|residual_update_rule|rglru_recurrence|rope_parameterization|rope_partition_detail|same_block_attention_ssm|stack_topology|state_update_rule|tie_embeddings_default|uses_logit_softcap|window_schedule_detail|windowed_rope_scope
plamo,gemma,2023-09-28,2024-02-21,146,0,19,attention_family|attention_output_gating|attention_pattern|attention_projection|bitlinear_weights|chunked_kv_cache|ffn_core|ffn_projection_style|gated_delta_net|has_moe|hybrid_block_schedule|laurel|lm_head_bias|positional_encoding|projection_bias_scheme|qk_norm|secondary_token_mixer|tie_embeddings_configurable|uses_logit_scale
llama,bitnet,2023-02-27,2024-02-27,365,1,46,altup|attention_family|attention_output_gating|attention_projection|block_norm_variant|chunked_kv_cache|conv_on_kv|cross_layer_kv_sharing|dual_attention_modules|ffn_core|ffn_projection_style|gated_delta_net|global_plus_linear_attention_mix|has_aux_relu2_gate|has_aux_silu_gate|has_moe|hybrid_block_schedule|kv_layout|kv_lora_present|kv_reuse_attention|laurel|lm_head_bias|modality|ngram_memory|norm_scheme|optional_nope|output_head_connection|periodic_no_rope_layers|positional_encoding|projection_bias_scheme|q_lora_present|qk_norm|residual_scheme|residual_update_rule|rglru_recurrence|rope_parameterization|rope_partition_detail|same_block_attention_ssm|secondary_token_mixer|stack_topology|state_update_rule|tie_embeddings_configurable|tie_embeddings_default|uses_logit_scale|uses_logit_softcap|windowed_rope_scope
gpt_bigcode,starcoder2,2022-12-22,2024-02-28,433,0,23,altup|attention_pattern|block_norm_variant|chunked_kv_cache|conv_on_kv|cross_layer_kv_sharing|ffn_activation_core|ffn_core|ffn_projection_style|global_plus_linear_attention_mix|has_moe|kv_reuse_attention|norm_scheme|periodic_no_rope_layers|projection_bias_scheme|residual_update_rule|rope_parameterization|stack_topology|state_update_rule|tie_embeddings_default|uses_logit_softcap|window_schedule_detail|windowed_rope_scope
minicpm,starcoder2,2024-02-01,2024-02-28,27,1,26,attention_family|attention_output_gating|attention_projection|bitlinear_weights|dual_attention_modules|gated_delta_net|has_aux_relu2_gate|has_aux_silu_gate|hybrid_block_schedule|kv_layout|kv_lora_present|laurel|modality|ngram_memory|optional_nope|output_head_connection|positional_encoding|q_lora_present|qk_norm|residual_scheme|rglru_recurrence|rope_partition_detail|same_block_attention_ssm|secondary_token_mixer|tie_embeddings_configurable|uses_logit_scale
llama,cohere,2023-02-27,2024-03-11,378,0,19,ffn_activation_core|ffn_core|ffn_projection_style|gated_delta_net|has_moe|kv_reuse_attention|lm_head_bias|modality|ngram_memory|output_head_connection|periodic_no_rope_layers|positional_encoding|projection_bias_scheme|residual_update_rule|same_block_attention_ssm|secondary_token_mixer|tie_embeddings_default|uses_logit_softcap|windowed_rope_scope
phi,cohere,2023-12-12,2024-03-11,90,1,29,altup|attention_family|attention_output_gating|attention_pattern|attention_projection|bitlinear_weights|block_norm_variant|chunked_kv_cache|conv_on_kv|cross_layer_kv_sharing|dual_attention_modules|global_plus_linear_attention_mix|has_aux_relu2_gate|has_aux_silu_gate|hybrid_block_schedule|kv_layout|kv_lora_present|laurel|norm_scheme|optional_nope|q_lora_present|residual_scheme|rglru_recurrence|rope_parameterization|rope_partition_detail|stack_topology|state_update_rule|tie_embeddings_configurable|window_schedule_detail
phixtral,dbrx,2024-01-08,2024-03-27,79,1,34,attention_family|attention_output_gating|block_norm_variant|cross_layer_kv_sharing|expert_bias_correction|ffn_core|gated_delta_net|grouped_expert_selection|has_moe|has_shared_expert|kv_layout|laurel|lm_head_bias|modality|moe_distribution|moe_schedule_type|moe_subtype|ngram_memory|norm_scheme|optional_nope|periodic_no_rope_layers|projection_bias_scheme|q_lora_present|residual_update_rule|rglru_recurrence|rope_parameterization|router_activation|secondary_token_mixer|shared_expert_configurable|stack_topology|tie_embeddings_configurable|uses_logit_scale|window_schedule_detail|zero_expert_option
qwen,dbrx,2023-08-03,2024-03-27,237,0,26,altup|attention_pattern|attention_projection|bitlinear_weights|chunked_kv_cache|conv_on_kv|dual_attention_modules|ffn_activation_core|ffn_projection_style|global_plus_linear_attention_mix|has_aux_relu2_gate|has_aux_silu_gate|hybrid_block_schedule|kv_lora_present|kv_reuse_attention|output_head_connection|positional_encoding|qk_norm|residual_scheme|rope_partition_detail|router_activation_configurable|same_block_attention_ssm|state_update_rule|tie_embeddings_default|uses_logit_softcap|windowed_rope_scope
deepseek,jamba,2024-01-08,2024-03-28,80,0,5,attention_projection|ffn_core|has_moe|moe_distribution|router_activation
mamba,jamba,2023-12-01,2024-03-28,118,1,43,altup|attention_output_gating|bitlinear_weights|block_norm_variant|chunked_kv_cache|conv_on_kv|cross_layer_kv_sharing|dual_attention_modules|expert_bias_correction|ffn_activation_core|ffn_projection_style|gated_delta_net|global_plus_linear_attention_mix|grouped_expert_selection|has_aux_relu2_gate|has_aux_silu_gate|has_shared_expert|kv_lora_present|kv_reuse_attention|laurel|lm_head_bias|modality|ngram_memory|norm_scheme|output_head_connection|positional_encoding|projection_bias_scheme|q_lora_present|qk_norm|residual_scheme|residual_update_rule|rglru_recurrence|router_activation_configurable|same_block_attention_ssm|secondary_token_mixer|shared_expert_configurable|state_update_rule|tie_embeddings_configurable|tie_embeddings_default|uses_logit_scale|uses_logit_softcap|window_schedule_detail|zero_expert_option
gemma,recurrent_gemma,2024-02-21,2024-04-09,48,0,19,altup|attention_projection|bitlinear_weights|block_norm_variant|dual_attention_modules|ffn_core|ffn_projection_style|has_aux_relu2_gate|has_aux_silu_gate|has_moe|kv_layout|kv_reuse_attention|ngram_memory|norm_scheme|q_lora_present|residual_update_rule|rope_parameterization|uses_logit_softcap|windowed_rope_scope
qwen,recurrent_gemma,2023-08-03,2024-04-09,250,1,24,attention_family|attention_output_gating|chunked_kv_cache|conv_on_kv|cross_layer_kv_sharing|gated_delta_net|global_plus_linear_attention_mix|kv_lora_present|laurel|lm_head_bias|modality|optional_nope|output_head_connection|periodic_no_rope_layers|positional_encoding|qk_norm|residual_scheme|rope_partition_detail|same_block_attention_ssm|secondary_token_mixer|tie_embeddings_configurable|tie_embeddings_default|uses_logit_scale|window_schedule_detail
internlm2,phi3,2024-01-17,2024-04-22,96,1,46,altup|attention_family|attention_output_gating|attention_pattern|bitlinear_weights|block_norm_variant|chunked_kv_cache|conv_on_kv|cross_layer_kv_sharing|dual_attention_modules|ffn_activation_core|ffn_core|gated_delta_net|global_plus_linear_attention_mix|has_aux_relu2_gate|has_aux_silu_gate|has_moe|hybrid_block_schedule|kv_layout|kv_lora_present|kv_reuse_attention|laurel|lm_head_bias|modality|ngram_memory|norm_scheme|optional_nope|output_head_connection|periodic_no_rope_layers|projection_bias_scheme|q_lora_present|qk_norm|residual_update_rule|rglru_recurrence|rope_parameterization|rope_partition_detail|same_block_attention_ssm|secondary_token_mixer|stack_topology|state_update_rule|tie_embeddings_configurable|tie_embeddings_default|uses_logit_scale|uses_logit_softcap|window_schedule_detail|windowed_rope_scope
phi3,openelm,2024-04-22,2024-04-24,2,1,25,altup|attention_family|attention_output_gating|attention_pattern|attention_projection|cross_layer_kv_sharing|ffn_core|ffn_projection_style|gated_delta_net|global_plus_linear_attention_mix|has_aux_relu2_gate|has_moe|hybrid_block_schedule|kv_reuse_attention|lm_head_bias|modality|norm_scheme|optional_nope|output_head_connection|projection_bias_scheme|q_lora_present|rglru_recurrence|same_block_attention_ssm|uses_logit_scale|windowed_rope_scope
qwen,openelm,2023-08-03,2024-04-24,265,0,23,bitlinear_weights|block_norm_variant|chunked_kv_cache|conv_on_kv|dual_attention_modules|ffn_activation_core|has_aux_silu_gate|kv_layout|kv_lora_present|laurel|ngram_memory|periodic_no_rope_layers|positional_encoding|residual_scheme|residual_update_rule|rope_parameterization|rope_partition_detail|secondary_token_mixer|stack_topology|state_update_rule|tie_embeddings_configurable|uses_logit_softcap|window_schedule_detail
deepseek,deepseek_v2,2024-01-08,2024-05-06,119,1,55,altup|attention_output_gating|attention_pattern|bitlinear_weights|block_norm_variant|chunked_kv_cache|coefficient_mix_shared_routed|conv_on_kv|cross_layer_kv_sharing|dual_attention_modules|expert_bias_correction|ffn_activation_core|ffn_core|ffn_projection_style|gated_delta_net|global_plus_linear_attention_mix|grouped_expert_selection|has_aux_relu2_gate|has_aux_silu_gate|has_moe|has_shared_expert|hybrid_block_schedule|kv_reuse_attention|laurel|lm_head_bias|modality|moe_distribution|moe_schedule_type|moe_subtype|ngram_memory|norm_scheme|optional_nope|output_head_connection|periodic_no_rope_layers|projection_bias_scheme|qk_norm|residual_scheme|residual_update_rule|rglru_recurrence|rope_parameterization|router_activation|router_activation_configurable|same_block_attention_ssm|secondary_token_mixer|shared_branch_merge_mode|shared_expert_configurable|stack_topology|state_update_rule|tie_embeddings_configurable|tie_embeddings_default|uses_logit_scale|uses_logit_softcap|window_schedule_detail|windowed_rope_scope|zero_expert_option
gpt2,phi3small,2019-02-14,2024-05-07,1909,1,47,altup|attention_family|attention_output_gating|attention_pattern|attention_projection|bitlinear_weights|block_norm_variant|chunked_kv_cache|conv_on_kv|cross_layer_kv_sharing|dual_attention_modules|ffn_core|gated_delta_net|global_plus_linear_attention_mix|has_aux_relu2_gate|has_aux_silu_gate|has_moe|hybrid_block_schedule|kv_layout|kv_lora_present|kv_reuse_attention|laurel|lm_head_bias|modality|ngram_memory|norm_scheme|optional_nope|output_head_connection|periodic_no_rope_layers|projection_bias_scheme|q_lora_present|qk_norm|residual_scheme|residual_update_rule|rglru_recurrence|rope_parameterization|rope_partition_detail|same_block_attention_ssm|secondary_token_mixer|stack_topology|state_update_rule|tie_embeddings_configurable|tie_embeddings_default|uses_logit_scale|uses_logit_softcap|window_schedule_detail|windowed_rope_scope
mamba,mamba2,2023-12-01,2024-05-31,182,1,40,altup|attention_family|attention_output_gating|attention_pattern|bitlinear_weights|block_norm_variant|chunked_kv_cache|conv_on_kv|cross_layer_kv_sharing|dual_attention_modules|ffn_activation_core|ffn_projection_style|gated_delta_net|global_plus_linear_attention_mix|has_aux_relu2_gate|has_aux_silu_gate|has_moe|hybrid_block_schedule|kv_layout|kv_lora_present|kv_reuse_attention|laurel|modality|ngram_memory|output_head_connection|positional_encoding|projection_bias_scheme|q_lora_present|qk_norm|residual_scheme|residual_update_rule|rglru_recurrence|same_block_attention_ssm|secondary_token_mixer|stack_topology|state_update_rule|tie_embeddings_configurable|uses_logit_scale|uses_logit_softcap|window_schedule_detail
llama,glm,2023-02-27,2024-06-05,464,1,31,altup|attention_output_gating|attention_projection|bitlinear_weights|conv_on_kv|dual_attention_modules|gated_delta_net|has_aux_relu2_gate|has_aux_silu_gate|has_moe|hybrid_block_schedule|kv_layout|kv_lora_present|kv_reuse_attention|laurel|modality|ngram_memory|output_head_connection|periodic_no_rope_layers|positional_encoding|projection_bias_scheme|q_lora_present|qk_norm|residual_scheme|rglru_recurrence|rope_partition_detail|secondary_token_mixer|stack_topology|state_update_rule|tie_embeddings_configurable|windowed_rope_scope
openelm,glm,2024-04-24,2024-06-05,42,0,18,attention_family|attention_pattern|block_norm_variant|chunked_kv_cache|cross_layer_kv_sharing|ffn_activation_core|ffn_projection_style|global_plus_linear_attention_mix|lm_head_bias|norm_scheme|optional_nope|residual_update_rule|rope_parameterization|same_block_attention_ssm|tie_embeddings_default|uses_logit_scale|uses_logit_softcap|window_schedule_detail
bitnet,qwen2,2024-02-27,2024-06-07,101,0,22,attention_output_gating|attention_projection|block_norm_variant|chunked_kv_cache|conv_on_kv|dual_attention_modules|ffn_projection_style|global_plus_linear_attention_mix|kv_layout|kv_reuse_attention|norm_scheme|optional_nope|positional_encoding|q_lora_present|residual_scheme|residual_update_rule|rope_parameterization|same_block_attention_ssm|state_update_rule|tie_embeddings_configurable|tie_embeddings_default|window_schedule_detail
qwen,qwen2,2023-08-03,2024-06-07,309,1,28,altup|attention_family|attention_pattern|bitlinear_weights|cross_layer_kv_sharing|ffn_activation_core|ffn_core|gated_delta_net|has_aux_relu2_gate|has_aux_silu_gate|has_moe|hybrid_block_schedule|kv_lora_present|laurel|lm_head_bias|modality|ngram_memory|output_head_connection|periodic_no_rope_layers|projection_bias_scheme|qk_norm|rglru_recurrence|rope_partition_detail|secondary_token_mixer|stack_topology|uses_logit_scale|uses_logit_softcap|windowed_rope_scope
mixtral,qwen2_moe,2023-12-11,2024-06-07,179,1,38,altup|attention_pattern|bitlinear_weights|block_norm_variant|chunked_kv_cache|coefficient_mix_shared_routed|conv_on_kv|dual_attention_modules|expert_bias_correction|ffn_activation_core|ffn_projection_style|grouped_expert_selection|has_moe|hybrid_block_schedule|kv_reuse_attention|laurel|modality|moe_distribution|moe_schedule_type|moe_subtype|norm_scheme|optional_nope|residual_scheme|residual_update_rule|rglru_recurrence|rope_parameterization|rope_partition_detail|router_activation|secondary_token_mixer|shared_expert_configurable|stack_topology|state_update_rule|tie_embeddings_configurable|uses_logit_scale|uses_logit_softcap|window_schedule_detail|windowed_rope_scope|zero_expert_option
recurrent_gemma,qwen2_moe,2024-04-09,2024-06-07,59,0,21,attention_family|attention_output_gating|attention_projection|cross_layer_kv_sharing|ffn_core|gated_delta_net|global_plus_linear_attention_mix|has_aux_relu2_gate|has_aux_silu_gate|kv_layout|kv_lora_present|lm_head_bias|ngram_memory|output_head_connection|periodic_no_rope_layers|positional_encoding|q_lora_present|qk_norm|router_activation_configurable|same_block_attention_ssm|tie_embeddings_default
glm,glm4,2024-06-05,2024-06-18,13,0,22,attention_output_gating|attention_pattern|block_norm_variant|chunked_kv_cache|dual_attention_modules|ffn_core|ffn_projection_style|has_aux_relu2_gate|kv_layout|kv_lora_present|kv_reuse_attention|lm_head_bias|modality|ngram_memory|norm_scheme|projection_bias_scheme|q_lora_present|qk_norm|residual_update_rule|stack_topology|state_update_rule|window_schedule_detail
stablelm,glm4,2023-10-02,2024-06-18,260,1,27,altup|attention_family|attention_projection|bitlinear_weights|conv_on_kv|cross_layer_kv_sharing|ffn_activation_core|gated_delta_net|global_plus_linear_attention_mix|has_aux_silu_gate|has_moe|hybrid_block_schedule|laurel|optional_nope|output_head_connection|periodic_no_rope_layers|positional_encoding|rglru_recurrence|rope_parameterization|rope_partition_detail|same_block_attention_ssm|secondary_token_mixer|tie_embeddings_configurable|tie_embeddings_default|uses_logit_scale|uses_logit_softcap|windowed_rope_scope
gemma,gemma2,2024-02-21,2024-06-27,127,1,45,altup|attention_output_gating|attention_pattern|attention_projection|bitlinear_weights|block_norm_variant|chunked_kv_cache|conv_on_kv|cross_layer_kv_sharing|dual_attention_modules|ffn_core|ffn_projection_style|gated_delta_net|global_plus_linear_attention_mix|has_aux_relu2_gate|has_aux_silu_gate|has_moe|hybrid_block_schedule|kv_layout|kv_lora_present|kv_reuse_attention|laurel|lm_head_bias|modality|ngram_memory|norm_scheme|optional_nope|periodic_no_rope_layers|positional_encoding|projection_bias_scheme|q_lora_present|qk_norm|residual_update_rule|rglru_recurrence|rope_parameterization|rope_partition_detail|same_block_attention_ssm|secondary_token_mixer|stack_topology|state_update_rule|tie_embeddings_configurable|tie_embeddings_default|uses_logit_scale|window_schedule_detail|windowed_rope_scope
llama,exaone,2023-02-27,2024-08-07,527,0,25,altup|attention_projection|bitlinear_weights|chunked_kv_cache|conv_on_kv|dual_attention_modules|ffn_core|gated_delta_net|global_plus_linear_attention_mix|kv_layout|kv_lora_present|kv_reuse_attention|laurel|lm_head_bias|modality|optional_nope|output_head_connection|positional_encoding|projection_bias_scheme|rglru_recurrence|rope_parameterization|stack_topology|tie_embeddings_configurable|tie_embeddings_default|uses_logit_scale
qwen,exaone,2023-08-03,2024-08-07,370,1,25,attention_family|attention_output_gating|attention_pattern|block_norm_variant|cross_layer_kv_sharing|ffn_activation_core|ffn_projection_style|has_aux_relu2_gate|has_aux_silu_gate|has_moe|hybrid_block_schedule|ngram_memory|norm_scheme|periodic_no_rope_layers|q_lora_present|qk_norm|residual_scheme|residual_update_rule|rope_partition_detail|same_block_attention_ssm|secondary_token_mixer|state_update_rule|uses_logit_softcap|window_schedule_detail|windowed_rope_scope
mixtral,phimoe,2023-12-11,2024-08-17,250,1,32,attention_family|attention_projection|bitlinear_weights|conv_on_kv|ffn_activation_core|has_aux_relu2_gate|has_aux_silu_gate|has_moe|hybrid_block_schedule|kv_layout|kv_reuse_attention|laurel|modality|moe_distribution|moe_schedule_type|moe_subtype|ngram_memory|q_lora_present|qk_norm|residual_scheme|rglru_recurrence|rope_parameterization|router_activation|router_activation_configurable|same_block_attention_ssm|secondary_token_mixer|shared_expert_configurable|state_update_rule|tie_embeddings_default|uses_logit_softcap|window_schedule_detail|windowed_rope_scope
qwen,phimoe,2023-08-03,2024-08-17,380,0,26,altup|attention_output_gating|attention_pattern|chunked_kv_cache|cross_layer_kv_sharing|dual_attention_modules|expert_bias_correction|ffn_core|ffn_projection_style|gated_delta_net|global_plus_linear_attention_mix|grouped_expert_selection|has_shared_expert|kv_lora_present|lm_head_bias|norm_scheme|optional_nope|output_head_connection|periodic_no_rope_layers|projection_bias_scheme|residual_update_rule|rope_partition_detail|stack_topology|tie_embeddings_configurable|uses_logit_scale|zero_expert_option
openelm,olmoe,2024-04-24,2024-09-04,133,0,23,altup|attention_pattern|chunked_kv_cache|cross_layer_kv_sharing|dual_attention_modules|ffn_activation_core|gated_delta_net|has_aux_relu2_gate|has_shared_expert|laurel|lm_head_bias|modality|norm_scheme|optional_nope|output_head_connection|projection_bias_scheme|qk_norm|qk_norm_detail|stack_topology|tie_embeddings_default|uses_logit_softcap|window_schedule_detail|zero_expert_option
qwen2_moe,olmoe,2024-06-07,2024-09-04,89,1,36,attention_family|attention_output_gating|attention_projection|bitlinear_weights|block_norm_variant|conv_on_kv|expert_bias_correction|ffn_core|ffn_projection_style|global_plus_linear_attention_mix|grouped_expert_selection|has_aux_silu_gate|has_moe|hybrid_block_schedule|kv_layout|kv_lora_present|kv_reuse_attention|moe_distribution|moe_schedule_type|ngram_memory|periodic_no_rope_layers|positional_encoding|q_lora_present|residual_scheme|residual_update_rule|rglru_recurrence|rope_parameterization|rope_partition_detail|router_activation_configurable|same_block_attention_ssm|secondary_token_mixer|shared_expert_configurable|state_update_rule|tie_embeddings_configurable|uses_logit_scale|windowed_rope_scope
deepseek_v2,minicpm3,2024-05-06,2024-09-05,122,1,45,altup|attention_family|attention_output_gating|attention_pattern|attention_projection|bitlinear_weights|block_norm_variant|chunked_kv_cache|conv_on_kv|cross_layer_kv_sharing|dual_attention_modules|ffn_activation_core|ffn_core|ffn_projection_style|gated_delta_net|global_plus_linear_attention_mix|has_aux_relu2_gate|has_aux_silu_gate|hybrid_block_schedule|kv_layout|kv_lora_present|kv_reuse_attention|laurel|lm_head_bias|modality|ngram_memory|norm_scheme|optional_nope|periodic_no_rope_layers|projection_bias_scheme|q_lora_present|qk_norm|residual_scheme|rglru_recurrence|rope_parameterization|rope_partition_detail|same_block_attention_ssm|secondary_token_mixer|stack_topology|state_update_rule|tie_embeddings_default|uses_logit_scale|uses_logit_softcap|window_schedule_detail|windowed_rope_scope
phi3,minicpm3,2024-04-22,2024-09-05,136,0,4,has_moe|output_head_connection|positional_encoding|tie_embeddings_configurable
deepseek,nemotron-nas,2024-01-08,2024-09-23,259,0,23,altup|attention_family|attention_pattern|attention_projection|dual_attention_modules|ffn_core|ffn_projection_style|has_aux_relu2_gate|kv_layout|kv_reuse_attention|laurel|ngram_memory|positional_encoding|projection_bias_scheme|qk_norm|residual_update_rule|rope_parameterization|rope_partition_detail|stack_topology|state_update_rule|tie_embeddings_default|uses_logit_softcap|windowed_rope_scope
mamba2,nemotron-nas,2024-05-31,2024-09-23,115,1,25,attention_output_gating|bitlinear_weights|block_norm_variant|chunked_kv_cache|conv_on_kv|cross_layer_kv_sharing|gated_delta_net|global_plus_linear_attention_mix|has_aux_silu_gate|has_moe|hybrid_block_schedule|kv_lora_present|lm_head_bias|modality|norm_scheme|optional_nope|periodic_no_rope_layers|q_lora_present|residual_scheme|rglru_recurrence|same_block_attention_ssm|secondary_token_mixer|tie_embeddings_configurable|uses_logit_scale|window_schedule_detail
dbrx,rwkv7,2024-03-27,2024-09-23,180,1,21,altup|attention_pattern|block_norm_variant|cross_layer_kv_sharing|dual_attention_modules|ffn_projection_style|gated_delta_net|global_plus_linear_attention_mix|has_aux_relu2_gate|has_aux_silu_gate|hybrid_block_schedule|kv_layout|kv_reuse_attention|lm_head_bias|modality|ngram_memory|norm_scheme|output_head_connection|secondary_token_mixer|tie_embeddings_default|uses_logit_scale
mamba,rwkv7,2023-12-01,2024-09-23,297,0,20,attention_output_gating|attention_projection|bitlinear_weights|chunked_kv_cache|conv_on_kv|ffn_core|has_moe|kv_lora_present|laurel|positional_encoding|projection_bias_scheme|q_lora_present|qk_norm|residual_scheme|residual_update_rule|rglru_recurrence|same_block_attention_ssm|tie_embeddings_configurable|uses_logit_softcap|window_schedule_detail
minicpm,granite,2024-02-01,2024-10-21,263,1,48,altup|attention_family|attention_output_gating|attention_pattern|attention_projection|bitlinear_weights|block_norm_variant|chunked_kv_cache|conv_on_kv|cross_layer_kv_sharing|dual_attention_modules|ffn_activation_core|ffn_core|ffn_projection_style|gated_delta_net|global_plus_linear_attention_mix|has_aux_relu2_gate|has_aux_silu_gate|has_moe|hybrid_block_schedule|kv_layout|kv_lora_present|kv_reuse_attention|laurel|lm_head_bias|modality|ngram_memory|norm_scheme|optional_nope|periodic_no_rope_layers|positional_encoding|projection_bias_scheme|q_lora_present|qk_norm|residual_scheme|residual_update_rule|rglru_recurrence|rope_parameterization|rope_partition_detail|same_block_attention_ssm|secondary_token_mixer|stack_topology|state_update_rule|tie_embeddings_configurable|uses_logit_scale|uses_logit_softcap|window_schedule_detail|windowed_rope_scope
mixtral,granitemoe,2023-12-11,2024-10-21,315,1,57,altup|attention_family|attention_output_gating|attention_pattern|attention_projection|bitlinear_weights|block_norm_variant|chunked_kv_cache|conv_on_kv|cross_layer_kv_sharing|dual_attention_modules|expert_bias_correction|ffn_activation_core|ffn_core|ffn_projection_style|gated_delta_net|global_plus_linear_attention_mix|grouped_expert_selection|has_aux_relu2_gate|has_aux_silu_gate|has_moe|has_shared_expert|hybrid_block_schedule|kv_lora_present|kv_reuse_attention|laurel|lm_head_bias|modality|moe_distribution|moe_schedule_type|moe_subtype|ngram_memory|norm_scheme|optional_nope|output_head_connection|periodic_no_rope_layers|positional_encoding|projection_bias_scheme|q_lora_present|qk_norm|residual_scheme|rglru_recurrence|rope_parameterization|rope_partition_detail|router_activation|router_activation_configurable|same_block_attention_ssm|secondary_token_mixer|shared_expert_configurable|stack_topology|state_update_rule|tie_embeddings_configurable|uses_logit_scale|uses_logit_softcap|window_schedule_detail|windowed_rope_scope|zero_expert_option
olmoe,olmo2,2024-09-04,2024-11-26,83,1,49,altup|attention_family|attention_output_gating|attention_pattern|attention_projection|bitlinear_weights|block_norm_variant|chunked_kv_cache|conv_on_kv|cross_layer_kv_sharing|dual_attention_modules|ffn_activation_core|ffn_core|ffn_projection_style|gated_delta_net|global_plus_linear_attention_mix|has_aux_relu2_gate|has_aux_silu_gate|hybrid_block_schedule|kv_layout|kv_lora_present|kv_reuse_attention|laurel|lm_head_bias|modality|ngram_memory|norm_scheme|optional_nope|output_head_connection|periodic_no_rope_layers|positional_encoding|projection_bias_scheme|q_lora_present|qk_norm|qk_norm_detail|residual_update_rule|rglru_recurrence|rope_parameterization|rope_partition_detail|same_block_attention_ssm|secondary_token_mixer|stack_topology|state_update_rule|tie_embeddings_configurable|tie_embeddings_default|uses_logit_scale|uses_logit_softcap|window_schedule_detail|windowed_rope_scope
cohere,cohere2,2024-03-11,2024-12-11,275,1,45,altup|attention_family|attention_output_gating|attention_projection|bitlinear_weights|block_norm_variant|chunked_kv_cache|conv_on_kv|cross_layer_kv_sharing|dual_attention_modules|ffn_activation_core|ffn_core|ffn_projection_style|gated_delta_net|global_plus_linear_attention_mix|has_aux_relu2_gate|has_aux_silu_gate|has_moe|hybrid_block_schedule|kv_lora_present|kv_reuse_attention|laurel|lm_head_bias|modality|ngram_memory|norm_scheme|optional_nope|output_head_connection|periodic_no_rope_layers|positional_encoding|projection_bias_scheme|q_lora_present|residual_scheme|residual_update_rule|rglru_recurrence|rope_parameterization|rope_partition_detail|same_block_attention_ssm|secondary_token_mixer|stack_topology|state_update_rule|tie_embeddings_configurable|tie_embeddings_default|uses_logit_scale|uses_logit_softcap
deepseek_v2,deepseek_v3,2024-05-06,2024-12-26,234,1,59,altup|attention_family|attention_output_gating|attention_pattern|attention_projection|bitlinear_weights|block_norm_variant|chunked_kv_cache|coefficient_mix_shared_routed|conv_on_kv|cross_layer_kv_sharing|dual_attention_modules|ffn_activation_core|ffn_core|ffn_projection_style|gated_delta_net|global_plus_linear_attention_mix|grouped_expert_selection|has_aux_relu2_gate|has_aux_silu_gate|has_moe|has_shared_expert|hybrid_block_schedule|kv_layout|kv_lora_present|kv_reuse_attention|laurel|lm_head_bias|modality|moe_distribution|moe_schedule_type|moe_subtype|ngram_memory|norm_scheme|optional_nope|output_head_connection|periodic_no_rope_layers|projection_bias_scheme|q_lora_present|qk_norm|residual_scheme|residual_update_rule|rglru_recurrence|rope_parameterization|rope_partition_detail|router_activation_configurable|same_block_attention_ssm|secondary_token_mixer|shared_branch_merge_mode|shared_expert_configurable|stack_topology|state_update_rule|tie_embeddings_configurable|tie_embeddings_default|uses_logit_scale|uses_logit_softcap|window_schedule_detail|windowed_rope_scope|zero_expert_option
glm,helium,2024-06-05,2025-01-13,222,1,48,altup|attention_family|attention_output_gating|attention_pattern|attention_projection|bitlinear_weights|block_norm_variant|chunked_kv_cache|conv_on_kv|cross_layer_kv_sharing|dual_attention_modules|ffn_activation_core|ffn_core|gated_delta_net|global_plus_linear_attention_mix|has_aux_relu2_gate|has_aux_silu_gate|has_moe|hybrid_block_schedule|kv_layout|kv_lora_present|kv_reuse_attention|laurel|lm_head_bias|modality|ngram_memory|norm_scheme|optional_nope|output_head_connection|periodic_no_rope_layers|positional_encoding|projection_bias_scheme|q_lora_present|qk_norm|residual_scheme|residual_update_rule|rglru_recurrence|rope_parameterization|rope_partition_detail|same_block_attention_ssm|secondary_token_mixer|stack_topology|state_update_rule|tie_embeddings_configurable|uses_logit_scale|uses_logit_softcap|window_schedule_detail|windowed_rope_scope
gemma2,plamo2,2024-06-27,2025-01-14,201,0,6,has_moe|lm_head_bias|norm_scheme|output_head_connection|positional_encoding|residual_scheme
jamba,plamo2,2024-03-28,2025-01-14,292,1,41,altup|attention_family|attention_output_gating|attention_pattern|bitlinear_weights|block_norm_variant|chunked_kv_cache|conv_on_kv|cross_layer_kv_sharing|dual_attention_modules|ffn_activation_core|ffn_core|gated_delta_net|global_plus_linear_attention_mix|has_aux_relu2_gate|has_aux_silu_gate|hybrid_block_schedule|kv_lora_present|kv_reuse_attention|laurel|modality|ngram_memory|optional_nope|periodic_no_rope_layers|projection_bias_scheme|q_lora_present|qk_norm|residual_update_rule|rglru_recurrence|rope_parameterization|rope_partition_detail|same_block_attention_ssm|secondary_token_mixer|stack_topology|state_update_rule|tie_embeddings_configurable|tie_embeddings_default|uses_logit_scale|uses_logit_softcap|window_schedule_detail|windowed_rope_scope
internlm2,internlm3,2024-01-17,2025-01-15,364,1,48,altup|attention_family|attention_output_gating|attention_pattern|bitlinear_weights|block_norm_variant|chunked_kv_cache|conv_on_kv|cross_layer_kv_sharing|dual_attention_modules|ffn_activation_core|ffn_core|ffn_projection_style|gated_delta_net|global_plus_linear_attention_mix|has_aux_relu2_gate|has_aux_silu_gate|has_moe|hybrid_block_schedule|kv_layout|kv_lora_present|kv_reuse_attention|laurel|lm_head_bias|modality|ngram_memory|norm_scheme|optional_nope|output_head_connection|periodic_no_rope_layers|positional_encoding|projection_bias_scheme|q_lora_present|qk_norm|residual_update_rule|rglru_recurrence|rope_parameterization|rope_partition_detail|same_block_attention_ssm|secondary_token_mixer|stack_topology|state_update_rule|tie_embeddings_configurable|tie_embeddings_default|uses_logit_scale|uses_logit_softcap|window_schedule_detail|windowed_rope_scope
minicpm,baichuan_m1,2024-02-01,2025-01-23,357,1,29,altup|attention_family|attention_output_gating|bitlinear_weights|block_norm_variant|chunked_kv_cache|cross_layer_kv_sharing|dual_attention_modules|ffn_activation_core|ffn_core|has_aux_relu2_gate|has_aux_silu_gate|has_moe|kv_layout|kv_reuse_attention|laurel|lm_head_bias|modality|norm_scheme|positional_encoding|residual_scheme|rglru_recurrence|rope_partition_detail|stack_topology|state_update_rule|tie_embeddings_configurable|tie_embeddings_default|uses_logit_scale|uses_logit_softcap
rwkv7,baichuan_m1,2024-09-23,2025-01-23,122,0,18,attention_projection|ffn_projection_style|gated_delta_net|global_plus_linear_attention_mix|hybrid_block_schedule|kv_lora_present|ngram_memory|optional_nope|output_head_connection|periodic_no_rope_layers|projection_bias_scheme|q_lora_present|qk_norm|residual_update_rule|rope_parameterization|same_block_attention_ssm|secondary_token_mixer|windowed_rope_scope
deepseek_v3,bailing_moe,2024-12-26,2025-02-28,64,1,31,bitlinear_weights|coefficient_mix_shared_routed|expert_bias_correction|ffn_activation_core|gated_delta_net|global_plus_linear_attention_mix|has_aux_relu2_gate|has_aux_silu_gate|has_moe|has_shared_expert|hybrid_block_schedule|kv_reuse_attention|lm_head_bias|modality|moe_distribution|moe_schedule_type|ngram_memory|norm_scheme|optional_nope|periodic_no_rope_layers|residual_scheme|residual_update_rule|router_activation|same_block_attention_ssm|shared_branch_merge_mode|stack_topology|state_update_rule|tie_embeddings_default|uses_logit_scale|uses_logit_softcap|zero_expert_option
olmoe,bailing_moe,2024-09-04,2025-02-28,177,0,28,altup|attention_family|attention_output_gating|attention_pattern|block_norm_variant|chunked_kv_cache|conv_on_kv|cross_layer_kv_sharing|dual_attention_modules|ffn_core|ffn_projection_style|grouped_expert_selection|kv_layout|kv_lora_present|laurel|moe_subtype|output_head_connection|projection_bias_scheme|q_lora_present|qk_norm|qk_norm_detail|rglru_recurrence|rope_parameterization|rope_partition_detail|secondary_token_mixer|tie_embeddings_configurable|window_schedule_detail|windowed_rope_scope
gemma2,gemma3_text,2024-06-27,2025-03-12,258,0,21,block_norm_variant|conv_on_kv|dual_attention_modules|ffn_activation_core|ffn_projection_style|has_aux_relu2_gate|has_moe|laurel|modality|norm_scheme|optional_nope|periodic_no_rope_layers|projection_bias_scheme|residual_scheme|rope_partition_detail|same_block_attention_ssm|secondary_token_mixer|state_update_rule|tie_embeddings_configurable|tie_embeddings_default|uses_logit_scale
olmoe,gemma3_text,2024-09-04,2025-03-12,189,1,24,altup|attention_family|attention_output_gating|attention_projection|bitlinear_weights|chunked_kv_cache|cross_layer_kv_sharing|ffn_core|gated_delta_net|global_plus_linear_attention_mix|has_aux_silu_gate|hybrid_block_schedule|kv_lora_present|kv_reuse_attention|lm_head_bias|ngram_memory|output_head_connection|q_lora_present|qk_norm|qk_norm_detail|rglru_recurrence|rope_parameterization|stack_topology|uses_logit_softcap
deepseek_v3,nemotron_h,2024-12-26,2025-03-20,84,0,23,altup|attention_output_gating|bitlinear_weights|chunked_kv_cache|conv_on_kv|dual_attention_modules|expert_bias_correction|ffn_core|global_plus_linear_attention_mix|has_shared_expert|kv_reuse_attention|lm_head_bias|modality|residual_update_rule|rglru_recurrence|router_activation|router_activation_configurable|secondary_token_mixer|shared_branch_merge_mode|shared_expert_configurable|tie_embeddings_configurable|tie_embeddings_default|uses_logit_scale
jamba,nemotron_h,2024-03-28,2025-03-20,357,1,28,attention_family|attention_pattern|attention_projection|block_norm_variant|coefficient_mix_shared_routed|cross_layer_kv_sharing|ffn_activation_core|gated_delta_net|grouped_expert_selection|has_aux_silu_gate|has_moe|kv_layout|kv_lora_present|laurel|moe_schedule_type|ngram_memory|output_head_connection|positional_encoding|projection_bias_scheme|q_lora_present|qk_norm|residual_scheme|same_block_attention_ssm|stack_topology|state_update_rule|uses_logit_softcap|window_schedule_detail|zero_expert_option
deepseek_v2,llama4,2024-05-06,2025-04-05,334,1,31,altup|attention_output_gating|bitlinear_weights|block_norm_variant|expert_bias_correction|ffn_activation_core|ffn_projection_style|gated_delta_net|has_aux_relu2_gate|has_aux_silu_gate|has_moe|has_shared_expert|hybrid_block_schedule|lm_head_bias|moe_distribution|ngram_memory|norm_scheme|optional_nope|output_head_connection|residual_scheme|residual_update_rule|rglru_recurrence|same_block_attention_ssm|secondary_token_mixer|shared_branch_merge_mode|shared_expert_configurable|state_update_rule|tie_embeddings_configurable|tie_embeddings_default|uses_logit_scale|windowed_rope_scope
olmoe,llama4,2024-09-04,2025-04-05,213,0,26,attention_family|attention_projection|coefficient_mix_shared_routed|conv_on_kv|cross_layer_kv_sharing|dual_attention_modules|ffn_core|global_plus_linear_attention_mix|grouped_expert_selection|kv_layout|kv_lora_present|kv_reuse_attention|laurel|moe_subtype|positional_encoding|projection_bias_scheme|q_lora_present|qk_norm|qk_norm_detail|rope_parameterization|router_activation|router_activation_configurable|stack_topology|uses_logit_softcap|window_schedule_detail|zero_expert_option
olmoe,llama4_text,2024-09-04,2025-04-05,213,1,28,attention_family|attention_output_gating|attention_pattern|attention_projection|chunked_kv_cache|dual_attention_modules|ffn_core|ffn_projection_style|gated_delta_net|has_aux_relu2_gate|hybrid_block_schedule|kv_layout|kv_lora_present|modality|ngram_memory|norm_scheme|positional_encoding|projection_bias_scheme|q_lora_present|qk_norm|qk_norm_detail|residual_scheme|residual_update_rule|rglru_recurrence|stack_topology|state_update_rule|tie_embeddings_configurable|windowed_rope_scope
plamo2,llama4_text,2025-01-14,2025-04-05,81,0,22,altup|bitlinear_weights|block_norm_variant|conv_on_kv|cross_layer_kv_sharing|ffn_activation_core|global_plus_linear_attention_mix|has_aux_silu_gate|has_moe|kv_reuse_attention|laurel|lm_head_bias|optional_nope|output_head_connection|periodic_no_rope_layers|rope_parameterization|rope_partition_detail|same_block_attention_ssm|secondary_token_mixer|uses_logit_scale|uses_logit_softcap|window_schedule_detail
bailing_moe,bailing_moe_linear,2025-02-28,2025-04-24,55,1,56,altup|attention_projection|bitlinear_weights|block_norm_variant|chunked_kv_cache|coefficient_mix_shared_routed|conv_on_kv|cross_layer_kv_sharing|dual_attention_modules|expert_bias_correction|ffn_activation_core|ffn_core|ffn_projection_style|gated_delta_net|grouped_expert_selection|has_aux_relu2_gate|has_aux_silu_gate|has_moe|has_shared_expert|kv_layout|kv_lora_present|kv_reuse_attention|laurel|lm_head_bias|modality|moe_distribution|moe_schedule_type|moe_subtype|ngram_memory|norm_scheme|optional_nope|output_head_connection|periodic_no_rope_layers|positional_encoding|projection_bias_scheme|q_lora_present|qk_norm|qk_norm_detail|residual_scheme|residual_update_rule|rglru_recurrence|rope_parameterization|rope_partition_detail|router_activation|router_activation_configurable|same_block_attention_ssm|secondary_token_mixer|shared_branch_merge_mode|shared_expert_configurable|tie_embeddings_configurable|tie_embeddings_default|uses_logit_scale|uses_logit_softcap|window_schedule_detail|windowed_rope_scope|zero_expert_option
olmo2,qwen3,2024-11-26,2025-04-29,154,1,49,altup|attention_family|attention_output_gating|attention_pattern|attention_projection|bitlinear_weights|block_norm_variant|chunked_kv_cache|conv_on_kv|cross_layer_kv_sharing|dual_attention_modules|ffn_activation_core|ffn_core|ffn_projection_style|gated_delta_net|global_plus_linear_attention_mix|has_aux_relu2_gate|has_aux_silu_gate|has_moe|hybrid_block_schedule|kv_layout|kv_lora_present|kv_reuse_attention|laurel|lm_head_bias|modality|ngram_memory|norm_scheme|optional_nope|output_head_connection|periodic_no_rope_layers|positional_encoding|projection_bias_scheme|q_lora_present|qk_norm|qk_norm_detail|residual_update_rule|rglru_recurrence|rope_parameterization|rope_partition_detail|same_block_attention_ssm|secondary_token_mixer|stack_topology|state_update_rule|tie_embeddings_configurable|uses_logit_scale|uses_logit_softcap|window_schedule_detail|windowed_rope_scope
granitemoe,qwen3_moe,2024-10-21,2025-04-29,190,0,30,altup|attention_family|attention_pattern|chunked_kv_cache|conv_on_kv|cross_layer_kv_sharing|expert_bias_correction|global_plus_linear_attention_mix|grouped_expert_selection|has_moe|has_shared_expert|kv_layout|kv_reuse_attention|laurel|modality|moe_subtype|ngram_memory|output_head_connection|periodic_no_rope_layers|positional_encoding|rope_partition_detail|router_activation|router_activation_configurable|same_block_attention_ssm|shared_expert_configurable|stack_topology|tie_embeddings_configurable|uses_logit_softcap|windowed_rope_scope|zero_expert_option
llama4,qwen3_moe,2025-04-05,2025-04-29,24,1,30,attention_output_gating|attention_projection|bitlinear_weights|block_norm_variant|dual_attention_modules|ffn_activation_core|ffn_core|ffn_projection_style|gated_delta_net|has_aux_relu2_gate|has_aux_silu_gate|hybrid_block_schedule|kv_lora_present|lm_head_bias|moe_distribution|moe_schedule_type|norm_scheme|optional_nope|projection_bias_scheme|q_lora_present|qk_norm|qk_norm_detail|residual_scheme|residual_update_rule|rglru_recurrence|rope_parameterization|secondary_token_mixer|state_update_rule|uses_logit_scale|window_schedule_detail
granitemoe,granitemoehybrid,2024-10-21,2025-05-02,193,1,33,attention_output_gating|block_norm_variant|chunked_kv_cache|dual_attention_modules|expert_bias_correction|ffn_activation_core|ffn_core|ffn_projection_style|gated_delta_net|grouped_expert_selection|has_aux_relu2_gate|kv_layout|kv_reuse_attention|laurel|lm_head_bias|modality|moe_schedule_type|moe_subtype|output_head_connection|positional_encoding|projection_bias_scheme|q_lora_present|qk_norm|residual_update_rule|rope_partition_detail|router_activation|shared_expert_configurable|tie_embeddings_configurable|tie_embeddings_default|uses_logit_scale|uses_logit_softcap|windowed_rope_scope|zero_expert_option
nemotron_h,granitemoehybrid,2025-03-20,2025-05-02,43,0,26,altup|attention_family|attention_pattern|attention_projection|bitlinear_weights|coefficient_mix_shared_routed|conv_on_kv|cross_layer_kv_sharing|global_plus_linear_attention_mix|has_aux_silu_gate|has_moe|has_shared_expert|hybrid_block_schedule|kv_lora_present|ngram_memory|periodic_no_rope_layers|residual_scheme|rglru_recurrence|rope_parameterization|router_activation_configurable|same_block_attention_ssm|secondary_token_mixer|shared_branch_merge_mode|stack_topology|state_update_rule|window_schedule_detail
qwen2,mimo,2024-06-07,2025-05-12,339,1,49,altup|attention_family|attention_output_gating|attention_pattern|attention_projection|bitlinear_weights|block_norm_variant|chunked_kv_cache|conv_on_kv|cross_layer_kv_sharing|dual_attention_modules|ffn_activation_core|ffn_core|ffn_projection_style|gated_delta_net|global_plus_linear_attention_mix|has_aux_relu2_gate|has_aux_silu_gate|has_moe|hybrid_block_schedule|kv_layout|kv_lora_present|kv_reuse_attention|laurel|lm_head_bias|modality|ngram_memory|norm_scheme|optional_nope|output_head_connection|periodic_no_rope_layers|positional_encoding|projection_bias_scheme|q_lora_present|qk_norm|residual_scheme|residual_update_rule|rglru_recurrence|rope_parameterization|rope_partition_detail|same_block_attention_ssm|secondary_token_mixer|stack_topology|state_update_rule|tie_embeddings_configurable|uses_logit_scale|uses_logit_softcap|window_schedule_detail|windowed_rope_scope
phimoe,falcon_h1,2024-08-17,2025-05-20,276,0,19,attention_projection|bitlinear_weights|conv_on_kv|dual_attention_modules|ffn_activation_core|ffn_projection_style|global_plus_linear_attention_mix|has_aux_relu2_gate|kv_lora_present|laurel|modality|norm_scheme|output_head_connection|periodic_no_rope_layers|residual_scheme|rope_parameterization|secondary_token_mixer|uses_logit_softcap|windowed_rope_scope
plamo2,falcon_h1,2025-01-14,2025-05-20,126,1,28,altup|attention_family|attention_output_gating|attention_pattern|block_norm_variant|chunked_kv_cache|cross_layer_kv_sharing|gated_delta_net|has_aux_silu_gate|has_moe|kv_layout|kv_reuse_attention|lm_head_bias|ngram_memory|optional_nope|positional_encoding|projection_bias_scheme|q_lora_present|qk_norm|residual_update_rule|rglru_recurrence|rope_partition_detail|stack_topology|state_update_rule|tie_embeddings_configurable|tie_embeddings_default|uses_logit_scale|window_schedule_detail
gemma2,gemma3n,2024-06-27,2025-05-20,327,1,24,attention_projection|ffn_activation_core|ffn_projection_style|gated_delta_net|global_plus_linear_attention_mix|has_aux_silu_gate|has_moe|hybrid_block_schedule|kv_layout|kv_lora_present|kv_reuse_attention|norm_scheme|output_head_connection|periodic_no_rope_layers|q_lora_present|residual_scheme|residual_update_rule|rglru_recurrence|rope_partition_detail|secondary_token_mixer|state_update_rule|tie_embeddings_default|uses_logit_scale|uses_logit_softcap
gemma3_text,gemma3n,2025-03-12,2025-05-20,69,0,19,attention_family|attention_output_gating|bitlinear_weights|chunked_kv_cache|conv_on_kv|dual_attention_modules|ffn_core|has_aux_relu2_gate|lm_head_bias|ngram_memory|optional_nope|positional_encoding|projection_bias_scheme|rope_parameterization|same_block_attention_ssm|stack_topology|tie_embeddings_configurable|window_schedule_detail|windowed_rope_scope
bailing_moe,dots1,2025-02-28,2025-06-06,98,1,33,attention_pattern|block_norm_variant|coefficient_mix_shared_routed|conv_on_kv|cross_layer_kv_sharing|expert_bias_correction|ffn_core|global_plus_linear_attention_mix|has_aux_silu_gate|has_moe|has_shared_expert|laurel|lm_head_bias|modality|moe_distribution|moe_schedule_type|ngram_memory|norm_scheme|optional_nope|output_head_connection|periodic_no_rope_layers|projection_bias_scheme|qk_norm|qk_norm_detail|rglru_recurrence|router_activation|same_block_attention_ssm|secondary_token_mixer|shared_branch_merge_mode|stack_topology|state_update_rule|uses_logit_scale|windowed_rope_scope
qwen2_moe,dots1,2024-06-07,2025-06-06,364,0,30,altup|attention_family|attention_output_gating|attention_projection|bitlinear_weights|chunked_kv_cache|dual_attention_modules|ffn_activation_core|ffn_projection_style|gated_delta_net|grouped_expert_selection|has_aux_relu2_gate|hybrid_block_schedule|kv_layout|kv_lora_present|kv_reuse_attention|moe_subtype|positional_encoding|q_lora_present|residual_scheme|residual_update_rule|rope_parameterization|rope_partition_detail|router_activation_configurable|shared_expert_configurable|tie_embeddings_configurable|tie_embeddings_default|uses_logit_softcap|window_schedule_detail|zero_expert_option
openelm,afm7,2024-04-24,2025-06-09,411,1,47,altup|attention_family|attention_output_gating|attention_pattern|attention_projection|bitlinear_weights|block_norm_variant|chunked_kv_cache|conv_on_kv|dual_attention_modules|ffn_activation_core|ffn_core|gated_delta_net|global_plus_linear_attention_mix|has_aux_relu2_gate|has_aux_silu_gate|has_moe|hybrid_block_schedule|kv_layout|kv_lora_present|laurel|lm_head_bias|modality|ngram_memory|norm_scheme|optional_nope|output_head_connection|periodic_no_rope_layers|positional_encoding|projection_bias_scheme|q_lora_present|qk_norm|qk_norm_detail|residual_update_rule|rglru_recurrence|rope_parameterization|rope_partition_detail|same_block_attention_ssm|secondary_token_mixer|stack_topology|state_update_rule|tie_embeddings_configurable|tie_embeddings_default|uses_logit_scale|uses_logit_softcap|window_schedule_detail|windowed_rope_scope
dots1,hunyuan,2025-06-06,2025-06-27,21,1,35,altup|attention_family|block_norm_variant|chunked_kv_cache|coefficient_mix_shared_routed|ffn_activation_core|ffn_core|ffn_projection_style|has_aux_silu_gate|hybrid_block_schedule|kv_layout|kv_lora_present|kv_reuse_attention|laurel|lm_head_bias|modality|moe_subtype|ngram_memory|norm_scheme|output_head_connection|periodic_no_rope_layers|projection_bias_scheme|q_lora_present|qk_norm|qk_norm_detail|residual_scheme|residual_update_rule|rope_partition_detail|router_activation_configurable|secondary_token_mixer|shared_branch_merge_mode|shared_expert_configurable|stack_topology|tie_embeddings_default|windowed_rope_scope
qwen2_moe,hunyuan,2024-06-07,2025-06-27,385,0,25,attention_output_gating|attention_pattern|bitlinear_weights|conv_on_kv|dual_attention_modules|expert_bias_correction|gated_delta_net|global_plus_linear_attention_mix|grouped_expert_selection|has_aux_relu2_gate|has_moe|has_shared_expert|moe_distribution|moe_schedule_type|optional_nope|rglru_recurrence|rope_parameterization|router_activation|same_block_attention_ssm|state_update_rule|tie_embeddings_configurable|uses_logit_scale|uses_logit_softcap|window_schedule_detail|zero_expert_option
helium,ernie4_5,2025-01-13,2025-06-28,166,1,48,altup|attention_family|attention_output_gating|attention_pattern|attention_projection|bitlinear_weights|block_norm_variant|chunked_kv_cache|conv_on_kv|cross_layer_kv_sharing|dual_attention_modules|ffn_activation_core|ffn_projection_style|gated_delta_net|global_plus_linear_attention_mix|has_aux_relu2_gate|has_aux_silu_gate|has_moe|hybrid_block_schedule|kv_layout|kv_lora_present|kv_reuse_attention|laurel|lm_head_bias|modality|ngram_memory|norm_scheme|optional_nope|output_head_connection|periodic_no_rope_layers|positional_encoding|projection_bias_scheme|q_lora_present|qk_norm|residual_scheme|residual_update_rule|rglru_recurrence|rope_parameterization|rope_partition_detail|same_block_attention_ssm|secondary_token_mixer|stack_topology|state_update_rule|tie_embeddings_configurable|uses_logit_scale|uses_logit_softcap|window_schedule_detail|windowed_rope_scope
nemotron_h,ernie4_5_moe,2025-03-20,2025-06-28,100,0,26,attention_output_gating|attention_projection|block_norm_variant|chunked_kv_cache|coefficient_mix_shared_routed|cross_layer_kv_sharing|dual_attention_modules|expert_bias_correction|ffn_activation_core|gated_delta_net|global_plus_linear_attention_mix|has_moe|has_shared_expert|kv_layout|kv_lora_present|kv_reuse_attention|modality|qk_norm|rope_parameterization|router_activation_configurable|same_block_attention_ssm|secondary_token_mixer|shared_branch_merge_mode|shared_expert_configurable|window_schedule_detail|windowed_rope_scope
olmoe,ernie4_5_moe,2024-09-04,2025-06-28,297,1,35,altup|attention_family|attention_pattern|bitlinear_weights|conv_on_kv|ffn_core|ffn_projection_style|grouped_expert_selection|has_aux_relu2_gate|has_aux_silu_gate|hybrid_block_schedule|laurel|lm_head_bias|moe_distribution|moe_schedule_type|moe_subtype|ngram_memory|norm_scheme|optional_nope|output_head_connection|periodic_no_rope_layers|positional_encoding|projection_bias_scheme|q_lora_present|residual_scheme|residual_update_rule|rglru_recurrence|rope_partition_detail|router_activation|stack_topology|state_update_rule|tie_embeddings_configurable|uses_logit_scale|uses_logit_softcap|zero_expert_option
afm7,smollm3,2025-06-09,2025-07-08,29,1,26,altup|bitlinear_weights|block_norm_variant|chunked_kv_cache|conv_on_kv|dual_attention_modules|ffn_projection_style|gated_delta_net|has_aux_relu2_gate|has_aux_silu_gate|has_moe|hybrid_block_schedule|kv_lora_present|laurel|lm_head_bias|output_head_connection|periodic_no_rope_layers|positional_encoding|rglru_recurrence|rope_parameterization|rope_partition_detail|state_update_rule|tie_embeddings_configurable|tie_embeddings_default|uses_logit_scale|window_schedule_detail
olmo,smollm3,2024-02-01,2025-07-08,523,0,22,attention_family|attention_output_gating|attention_pattern|attention_projection|cross_layer_kv_sharing|ffn_core|global_plus_linear_attention_mix|kv_layout|kv_reuse_attention|modality|ngram_memory|optional_nope|projection_bias_scheme|q_lora_present|qk_norm|residual_scheme|residual_update_rule|same_block_attention_ssm|secondary_token_mixer|stack_topology|uses_logit_softcap|windowed_rope_scope
exaone,lfm2,2024-08-07,2025-07-10,337,1,45,altup|attention_family|attention_output_gating|attention_pattern|attention_projection|bitlinear_weights|block_norm_variant|chunked_kv_cache|conv_on_kv|cross_layer_kv_sharing|dual_attention_modules|ffn_activation_core|ffn_core|ffn_projection_style|gated_delta_net|global_plus_linear_attention_mix|has_aux_relu2_gate|has_aux_silu_gate|has_moe|kv_layout|kv_lora_present|kv_reuse_attention|laurel|lm_head_bias|modality|ngram_memory|optional_nope|output_head_connection|periodic_no_rope_layers|positional_encoding|projection_bias_scheme|q_lora_present|qk_norm|residual_scheme|residual_update_rule|rglru_recurrence|rope_partition_detail|same_block_attention_ssm|stack_topology|state_update_rule|tie_embeddings_default|uses_logit_scale|uses_logit_softcap|window_schedule_detail|windowed_rope_scope
cohere2,exaone4,2024-12-11,2025-07-15,216,0,21,altup|attention_family|attention_output_gating|attention_pattern|attention_projection|bitlinear_weights|dual_attention_modules|ffn_core|ffn_projection_style|gated_delta_net|hybrid_block_schedule|kv_lora_present|lm_head_bias|modality|ngram_memory|output_head_connection|positional_encoding|residual_update_rule|secondary_token_mixer|window_schedule_detail|windowed_rope_scope
olmo2,exaone4,2024-11-26,2025-07-15,231,1,29,block_norm_variant|chunked_kv_cache|conv_on_kv|cross_layer_kv_sharing|ffn_activation_core|global_plus_linear_attention_mix|has_aux_relu2_gate|has_aux_silu_gate|has_moe|kv_layout|kv_reuse_attention|laurel|norm_scheme|optional_nope|periodic_no_rope_layers|projection_bias_scheme|q_lora_present|qk_norm|qk_norm_detail|residual_scheme|rglru_recurrence|rope_parameterization|rope_partition_detail|same_block_attention_ssm|stack_topology|state_update_rule|tie_embeddings_configurable|uses_logit_scale|uses_logit_softcap
dots1,glm4_moe,2025-06-06,2025-07-28,52,1,60,altup|attention_family|attention_output_gating|attention_pattern|attention_projection|bitlinear_weights|block_norm_variant|chunked_kv_cache|coefficient_mix_shared_routed|conv_on_kv|cross_layer_kv_sharing|dual_attention_modules|expert_bias_correction|ffn_activation_core|ffn_core|ffn_projection_style|gated_delta_net|global_plus_linear_attention_mix|grouped_expert_selection|has_aux_relu2_gate|has_aux_silu_gate|has_moe|has_shared_expert|hybrid_block_schedule|kv_layout|kv_lora_present|kv_reuse_attention|laurel|lm_head_bias|modality|moe_distribution|moe_schedule_type|moe_subtype|ngram_memory|norm_scheme|optional_nope|periodic_no_rope_layers|projection_bias_scheme|q_lora_present|qk_norm|qk_norm_detail|residual_scheme|residual_update_rule|rglru_recurrence|rope_parameterization|rope_partition_detail|router_activation|router_activation_configurable|same_block_attention_ssm|secondary_token_mixer|shared_branch_merge_mode|shared_expert_configurable|stack_topology|state_update_rule|tie_embeddings_configurable|uses_logit_scale|uses_logit_softcap|window_schedule_detail|windowed_rope_scope|zero_expert_option
qwen3,hunyuan_v1_dense,2025-04-29,2025-07-30,92,1,49,altup|attention_family|attention_output_gating|attention_pattern|attention_projection|bitlinear_weights|block_norm_variant|chunked_kv_cache|conv_on_kv|cross_layer_kv_sharing|dual_attention_modules|ffn_activation_core|ffn_core|ffn_projection_style|gated_delta_net|global_plus_linear_attention_mix|has_aux_relu2_gate|has_aux_silu_gate|has_moe|hybrid_block_schedule|kv_layout|kv_lora_present|kv_reuse_attention|laurel|lm_head_bias|modality|ngram_memory|norm_scheme|optional_nope|output_head_connection|periodic_no_rope_layers|projection_bias_scheme|q_lora_present|qk_norm|qk_norm_detail|residual_scheme|residual_update_rule|rglru_recurrence|rope_parameterization|rope_partition_detail|same_block_attention_ssm|secondary_token_mixer|stack_topology|state_update_rule|tie_embeddings_configurable|uses_logit_scale|uses_logit_softcap|window_schedule_detail|windowed_rope_scope
llama,gpt_oss,2023-02-27,2025-08-05,890,0,24,altup|attention_family|attention_pattern|attention_projection|block_norm_variant|chunked_kv_cache|conv_on_kv|cross_layer_kv_sharing|dual_attention_modules|ffn_core|ffn_projection_style|grouped_expert_selection|has_aux_silu_gate|hybrid_block_schedule|kv_reuse_attention|laurel|ngram_memory|norm_scheme|positional_encoding|qk_norm|secondary_token_mixer|stack_topology|window_schedule_detail|windowed_rope_scope
phimoe,gpt_oss,2024-08-17,2025-08-05,353,1,33,attention_output_gating|bitlinear_weights|expert_bias_correction|ffn_activation_core|gated_delta_net|global_plus_linear_attention_mix|has_aux_relu2_gate|has_moe|has_shared_expert|kv_layout|kv_lora_present|lm_head_bias|modality|moe_distribution|moe_schedule_type|optional_nope|output_head_connection|periodic_no_rope_layers|q_lora_present|residual_scheme|residual_update_rule|rglru_recurrence|rope_parameterization|rope_partition_detail|router_activation_configurable|same_block_attention_ssm|shared_expert_configurable|state_update_rule|tie_embeddings_configurable|tie_embeddings_default|uses_logit_scale|uses_logit_softcap|zero_expert_option
granite,seed_oss,2024-10-21,2025-08-20,303,1,48,altup|attention_family|attention_output_gating|attention_pattern|attention_projection|bitlinear_weights|block_norm_variant|chunked_kv_cache|conv_on_kv|cross_layer_kv_sharing|dual_attention_modules|ffn_activation_core|ffn_core|ffn_projection_style|gated_delta_net|global_plus_linear_attention_mix|has_aux_relu2_gate|has_aux_silu_gate|has_moe|hybrid_block_schedule|kv_layout|kv_lora_present|kv_reuse_attention|laurel|lm_head_bias|modality|ngram_memory|norm_scheme|optional_nope|periodic_no_rope_layers|positional_encoding|projection_bias_scheme|q_lora_present|qk_norm|residual_scheme|rglru_recurrence|rope_parameterization|rope_partition_detail|same_block_attention_ssm|secondary_token_mixer|stack_topology|state_update_rule|tie_embeddings_configurable|tie_embeddings_default|uses_logit_scale|uses_logit_softcap|window_schedule_detail|windowed_rope_scope
afm7,lille-130m,2025-06-09,2025-08-31,83,0,22,attention_family|attention_pattern|attention_projection|bitlinear_weights|block_norm_variant|chunked_kv_cache|conv_on_kv|ffn_projection_style|has_aux_silu_gate|hybrid_block_schedule|kv_layout|ngram_memory|positional_encoding|q_lora_present|residual_scheme|residual_update_rule|rglru_recurrence|rope_partition_detail|secondary_token_mixer|stack_topology|state_update_rule|tie_embeddings_default
plamo2,lille-130m,2025-01-14,2025-08-31,229,1,26,altup|attention_output_gating|cross_layer_kv_sharing|dual_attention_modules|ffn_activation_core|gated_delta_net|global_plus_linear_attention_mix|has_aux_relu2_gate|has_moe|kv_lora_present|kv_reuse_attention|laurel|lm_head_bias|modality|optional_nope|output_head_connection|periodic_no_rope_layers|projection_bias_scheme|qk_norm|rope_parameterization|same_block_attention_ssm|tie_embeddings_configurable|uses_logit_scale|uses_logit_softcap|window_schedule_detail|windowed_rope_scope
deepseek_v3,longcat_flash,2024-12-26,2025-09-01,249,1,32,attention_family|attention_pattern|attention_projection|bitlinear_weights|dual_attention_modules|expert_bias_correction|ffn_activation_core|ffn_core|gated_delta_net|grouped_expert_selection|has_aux_silu_gate|has_moe|kv_layout|kv_lora_present|lm_head_bias|modality|output_head_connection|periodic_no_rope_layers|positional_encoding|projection_bias_scheme|q_lora_present|qk_norm|residual_scheme|rglru_recurrence|rope_parameterization|rope_partition_detail|shared_expert_configurable|stack_topology|state_update_rule|uses_logit_softcap|window_schedule_detail|windowed_rope_scope
gpt_oss,longcat_flash,2025-08-05,2025-09-01,27,0,27,altup|attention_output_gating|block_norm_variant|chunked_kv_cache|conv_on_kv|cross_layer_kv_sharing|ffn_projection_style|global_plus_linear_attention_mix|has_aux_relu2_gate|has_shared_expert|hybrid_block_schedule|kv_reuse_attention|laurel|moe_distribution|moe_schedule_type|moe_subtype|ngram_memory|norm_scheme|optional_nope|residual_update_rule|router_activation|router_activation_configurable|same_block_attention_ssm|secondary_token_mixer|tie_embeddings_configurable|tie_embeddings_default|uses_logit_scale
glm4_moe,apertus,2025-07-28,2025-09-02,36,1,31,altup|attention_family|attention_output_gating|attention_projection|chunked_kv_cache|conv_on_kv|cross_layer_kv_sharing|dual_attention_modules|global_plus_linear_attention_mix|hybrid_block_schedule|kv_layout|kv_lora_present|lm_head_bias|ngram_memory|norm_scheme|optional_nope|output_head_connection|periodic_no_rope_layers|projection_bias_scheme|q_lora_present|qk_norm|qk_norm_detail|rglru_recurrence|rope_parameterization|rope_partition_detail|same_block_attention_ssm|stack_topology|state_update_rule|tie_embeddings_configurable|uses_logit_softcap|windowed_rope_scope
smollm3,apertus,2025-07-08,2025-09-02,56,0,18,attention_pattern|bitlinear_weights|block_norm_variant|ffn_activation_core|ffn_core|gated_delta_net|has_aux_relu2_gate|has_aux_silu_gate|has_moe|kv_reuse_attention|laurel|modality|positional_encoding|residual_scheme|residual_update_rule|secondary_token_mixer|uses_logit_scale|window_schedule_detail
dots1,Klear,2025-06-06,2025-09-04,90,1,40,altup|attention_family|attention_pattern|attention_projection|bitlinear_weights|block_norm_variant|conv_on_kv|cross_layer_kv_sharing|expert_bias_correction|ffn_core|ffn_projection_style|gated_delta_net|global_plus_linear_attention_mix|has_aux_relu2_gate|has_aux_silu_gate|has_moe|has_shared_expert|hybrid_block_schedule|kv_layout|kv_lora_present|kv_reuse_attention|laurel|lm_head_bias|moe_distribution|moe_subtype|norm_scheme|optional_nope|positional_encoding|projection_bias_scheme|q_lora_present|qk_norm|qk_norm_detail|rglru_recurrence|rope_partition_detail|router_activation|shared_expert_configurable|stack_topology|state_update_rule|tie_embeddings_default|window_schedule_detail
nemotron_h,Klear,2025-03-20,2025-09-04,168,0,21,attention_output_gating|chunked_kv_cache|dual_attention_modules|ffn_activation_core|grouped_expert_selection|modality|moe_schedule_type|ngram_memory|output_head_connection|periodic_no_rope_layers|residual_scheme|residual_update_rule|rope_parameterization|router_activation_configurable|same_block_attention_ssm|secondary_token_mixer|tie_embeddings_configurable|uses_logit_scale|uses_logit_softcap|windowed_rope_scope|zero_expert_option
bailing_moe_linear,qwen3_next,2025-04-24,2025-09-09,138,1,49,altup|attention_output_gating|attention_pattern|bitlinear_weights|block_norm_variant|chunked_kv_cache|coefficient_mix_shared_routed|conv_on_kv|cross_layer_kv_sharing|dual_attention_modules|ffn_activation_core|ffn_core|ffn_projection_style|grouped_expert_selection|has_aux_relu2_gate|has_moe|has_shared_expert|hybrid_block_schedule|kv_layout|kv_lora_present|kv_reuse_attention|laurel|lm_head_bias|modality|moe_distribution|ngram_memory|optional_nope|output_head_connection|periodic_no_rope_layers|positional_encoding|projection_bias_scheme|q_lora_present|qk_norm|qk_norm_detail|residual_scheme|residual_update_rule|rglru_recurrence|rope_parameterization|rope_partition_detail|same_block_attention_ssm|secondary_token_mixer|stack_topology|tie_embeddings_configurable|tie_embeddings_default|uses_logit_scale|uses_logit_softcap|window_schedule_detail|windowed_rope_scope|zero_expert_option
nemotron_h,qwen3_next,2025-03-20,2025-09-09,173,0,4,global_plus_linear_attention_mix|has_aux_silu_gate|moe_schedule_type|norm_scheme
qwen2_moe,qwen3_next,2024-06-07,2025-09-09,459,0,7,attention_projection|expert_bias_correction|moe_subtype|router_activation|router_activation_configurable|shared_branch_merge_mode|shared_expert_configurable
deepseek_v3,deepseek_v32,2024-12-26,2025-09-29,277,1,59,altup|attention_family|attention_output_gating|attention_pattern|attention_projection|bitlinear_weights|block_norm_variant|chunked_kv_cache|coefficient_mix_shared_routed|conv_on_kv|cross_layer_kv_sharing|expert_bias_correction|ffn_activation_core|ffn_core|ffn_projection_style|gated_delta_net|global_plus_linear_attention_mix|grouped_expert_selection|has_aux_relu2_gate|has_aux_silu_gate|has_moe|has_shared_expert|hybrid_block_schedule|kv_layout|kv_lora_present|kv_reuse_attention|laurel|lm_head_bias|modality|moe_distribution|moe_schedule_type|moe_subtype|ngram_memory|optional_nope|output_head_connection|periodic_no_rope_layers|positional_encoding|projection_bias_scheme|q_lora_present|residual_scheme|residual_update_rule|rglru_recurrence|rope_parameterization|rope_partition_detail|router_activation|router_activation_configurable|same_block_attention_ssm|secondary_token_mixer|shared_branch_merge_mode|shared_expert_configurable|stack_topology|state_update_rule|tie_embeddings_configurable|tie_embeddings_default|uses_logit_scale|uses_logit_softcap|window_schedule_detail|windowed_rope_scope|zero_expert_option
deepseek_v3,lfm2_moe,2024-12-26,2025-10-07,285,0,4,expert_bias_correction|has_moe|moe_schedule_type|moe_subtype
lfm2,lfm2_moe,2025-07-10,2025-10-07,89,1,54,altup|attention_family|attention_output_gating|attention_pattern|attention_projection|bitlinear_weights|block_norm_variant|chunked_kv_cache|conv_on_kv|cross_layer_kv_sharing|dual_attention_modules|ffn_activation_core|ffn_core|ffn_projection_style|gated_delta_net|global_plus_linear_attention_mix|grouped_expert_selection|has_aux_relu2_gate|has_aux_silu_gate|has_shared_expert|hybrid_block_schedule|kv_layout|kv_lora_present|kv_reuse_attention|laurel|lm_head_bias|modality|ngram_memory|norm_scheme|optional_nope|output_head_connection|periodic_no_rope_layers|positional_encoding|projection_bias_scheme|q_lora_present|qk_norm|residual_scheme|residual_update_rule|rglru_recurrence|rope_parameterization|rope_partition_detail|router_activation_configurable|same_block_attention_ssm|secondary_token_mixer|shared_expert_configurable|stack_topology|state_update_rule|tie_embeddings_configurable|tie_embeddings_default|uses_logit_scale|uses_logit_softcap|window_schedule_detail|windowed_rope_scope|zero_expert_option
openelm,nanochat,2024-04-24,2025-10-13,537,0,22,attention_family|attention_output_gating|block_norm_variant|chunked_kv_cache|conv_on_kv|ffn_core|global_plus_linear_attention_mix|has_moe|hybrid_block_schedule|kv_lora_present|modality|norm_scheme|positional_encoding|projection_bias_scheme|residual_scheme|residual_update_rule|rglru_recurrence|stack_topology|state_update_rule|tie_embeddings_configurable|uses_logit_scale|windowed_rope_scope
rwkv7,nanochat,2024-09-23,2025-10-13,385,1,27,altup|attention_pattern|attention_projection|bitlinear_weights|cross_layer_kv_sharing|dual_attention_modules|ffn_activation_core|gated_delta_net|has_aux_relu2_gate|has_aux_silu_gate|kv_layout|kv_reuse_attention|laurel|lm_head_bias|ngram_memory|optional_nope|output_head_connection|periodic_no_rope_layers|q_lora_present|qk_norm|rope_parameterization|rope_partition_detail|same_block_attention_ssm|secondary_token_mixer|tie_embeddings_default|uses_logit_softcap|window_schedule_detail
dots1,minimax,2025-06-06,2025-10-27,143,1,32,attention_family|attention_pattern|attention_projection|block_norm_variant|chunked_kv_cache|conv_on_kv|cross_layer_kv_sharing|dual_attention_modules|expert_bias_correction|ffn_activation_core|ffn_projection_style|global_plus_linear_attention_mix|grouped_expert_selection|has_aux_silu_gate|hybrid_block_schedule|kv_layout|kv_reuse_attention|norm_scheme|output_head_connection|periodic_no_rope_layers|projection_bias_scheme|qk_norm|qk_norm_detail|residual_scheme|router_activation|router_activation_configurable|state_update_rule|tie_embeddings_configurable|uses_logit_scale|uses_logit_softcap|window_schedule_detail|zero_expert_option
phixtral,minimax,2024-01-08,2025-10-27,658,0,29,altup|attention_output_gating|bitlinear_weights|ffn_core|gated_delta_net|has_aux_relu2_gate|has_moe|has_shared_expert|kv_lora_present|laurel|lm_head_bias|modality|moe_distribution|moe_schedule_type|moe_subtype|ngram_memory|optional_nope|positional_encoding|q_lora_present|residual_update_rule|rglru_recurrence|rope_parameterization|rope_partition_detail|same_block_attention_ssm|secondary_token_mixer|shared_expert_configurable|stack_topology|tie_embeddings_default|windowed_rope_scope
longcat_flash,kimi_linear,2025-09-01,2025-10-30,59,0,27,altup|attention_projection|bitlinear_weights|cross_layer_kv_sharing|dual_attention_modules|expert_bias_correction|ffn_activation_core|global_plus_linear_attention_mix|has_shared_expert|kv_layout|kv_lora_present|kv_reuse_attention|laurel|moe_schedule_type|ngram_memory|norm_scheme|optional_nope|positional_encoding|projection_bias_scheme|qk_norm|residual_scheme|rglru_recurrence|rope_parameterization|same_block_attention_ssm|uses_logit_scale|uses_logit_softcap|windowed_rope_scope
qwen3_next,kimi_linear,2025-09-09,2025-10-30,51,1,29,attention_output_gating|attention_pattern|block_norm_variant|chunked_kv_cache|conv_on_kv|ffn_core|ffn_projection_style|gated_delta_net|grouped_expert_selection|has_aux_relu2_gate|has_aux_silu_gate|has_moe|lm_head_bias|modality|moe_distribution|moe_subtype|output_head_connection|periodic_no_rope_layers|q_lora_present|residual_update_rule|router_activation_configurable|secondary_token_mixer|shared_expert_configurable|stack_topology|state_update_rule|tie_embeddings_configurable|tie_embeddings_default|window_schedule_detail|zero_expert_option
exaone4,olmo3,2025-07-15,2025-11-20,128,0,21,altup|bitlinear_weights|cross_layer_kv_sharing|has_moe|kv_layout|kv_lora_present|kv_reuse_attention|lm_head_bias|modality|ngram_memory|norm_scheme|output_head_connection|periodic_no_rope_layers|projection_bias_scheme|qk_norm|qk_norm_detail|residual_scheme|rglru_recurrence|stack_topology|tie_embeddings_configurable|window_schedule_detail
gpt_oss,olmo3,2025-08-05,2025-11-20,107,1,29,attention_family|attention_output_gating|attention_pattern|attention_projection|block_norm_variant|chunked_kv_cache|conv_on_kv|dual_attention_modules|ffn_activation_core|ffn_projection_style|gated_delta_net|global_plus_linear_attention_mix|has_aux_relu2_gate|has_aux_silu_gate|hybrid_block_schedule|laurel|optional_nope|positional_encoding|q_lora_present|residual_update_rule|rope_parameterization|rope_partition_detail|same_block_attention_ssm|secondary_token_mixer|state_update_rule|tie_embeddings_default|uses_logit_scale|uses_logit_softcap|windowed_rope_scope
bailing_moe_linear,afmoe,2025-04-24,2025-12-01,221,0,28,altup|attention_output_gating|bitlinear_weights|block_norm_variant|coefficient_mix_shared_routed|dual_attention_modules|expert_bias_correction|ffn_activation_core|ffn_projection_style|gated_delta_net|has_shared_expert|lm_head_bias|modality|output_head_connection|periodic_no_rope_layers|projection_bias_scheme|q_lora_present|qk_norm|qk_norm_detail|residual_update_rule|rope_parameterization|router_activation|same_block_attention_ssm|secondary_token_mixer|shared_branch_merge_mode|tie_embeddings_configurable|uses_logit_scale|uses_logit_softcap
gpt_oss,afmoe,2025-08-05,2025-12-01,118,1,30,attention_family|attention_pattern|attention_projection|chunked_kv_cache|conv_on_kv|cross_layer_kv_sharing|ffn_core|global_plus_linear_attention_mix|has_aux_relu2_gate|has_aux_silu_gate|has_moe|hybrid_block_schedule|kv_layout|kv_lora_present|kv_reuse_attention|laurel|moe_distribution|moe_schedule_type|ngram_memory|norm_scheme|optional_nope|positional_encoding|rglru_recurrence|rope_partition_detail|router_activation_configurable|shared_expert_configurable|stack_topology|state_update_rule|tie_embeddings_default|zero_expert_option
llama,ministral3,2023-02-27,2025-12-02,1009,1,49,altup|attention_family|attention_output_gating|attention_pattern|attention_projection|bitlinear_weights|block_norm_variant|chunked_kv_cache|conv_on_kv|cross_layer_kv_sharing|dual_attention_modules|ffn_activation_core|ffn_core|ffn_projection_style|gated_delta_net|global_plus_linear_attention_mix|has_aux_relu2_gate|has_aux_silu_gate|has_moe|hybrid_block_schedule|kv_layout|kv_lora_present|kv_reuse_attention|laurel|lm_head_bias|modality|ngram_memory|norm_scheme|optional_nope|output_head_connection|periodic_no_rope_layers|positional_encoding|projection_bias_scheme|q_lora_present|qk_norm|residual_scheme|residual_update_rule|rglru_recurrence|rope_partition_detail|same_block_attention_ssm|secondary_token_mixer|stack_topology|state_update_rule|tie_embeddings_configurable|tie_embeddings_default|uses_logit_scale|uses_logit_softcap|window_schedule_detail|windowed_rope_scope
glm4_moe,mimo_v2_flash,2025-07-28,2025-12-16,141,0,30,attention_family|attention_output_gating|bitlinear_weights|block_norm_variant|chunked_kv_cache|cross_layer_kv_sharing|dual_attention_modules|expert_bias_correction|ffn_activation_core|grouped_expert_selection|has_moe|has_shared_expert|kv_layout|lm_head_bias|modality|moe_distribution|moe_schedule_type|moe_subtype|output_head_connection|periodic_no_rope_layers|positional_encoding|projection_bias_scheme|residual_update_rule|rglru_recurrence|router_activation|router_activation_configurable|shared_branch_merge_mode|stack_topology|uses_logit_scale|uses_logit_softcap
gpt_oss,mimo_v2_flash,2025-08-05,2025-12-16,133,1,31,altup|attention_pattern|attention_projection|coefficient_mix_shared_routed|conv_on_kv|ffn_core|ffn_projection_style|gated_delta_net|global_plus_linear_attention_mix|has_aux_relu2_gate|has_aux_silu_gate|hybrid_block_schedule|kv_lora_present|kv_reuse_attention|laurel|ngram_memory|norm_scheme|optional_nope|q_lora_present|qk_norm|residual_scheme|rope_partition_detail|same_block_attention_ssm|secondary_token_mixer|shared_expert_configurable|state_update_rule|tie_embeddings_configurable|tie_embeddings_default|window_schedule_detail|windowed_rope_scope|zero_expert_option
internlm3,telechat3,2025-01-15,2025-12-24,343,1,48,altup|attention_family|attention_output_gating|attention_pattern|attention_projection|bitlinear_weights|block_norm_variant|chunked_kv_cache|conv_on_kv|cross_layer_kv_sharing|dual_attention_modules|ffn_activation_core|ffn_projection_style|gated_delta_net|global_plus_linear_attention_mix|has_aux_relu2_gate|has_aux_silu_gate|has_moe|hybrid_block_schedule|kv_layout|kv_lora_present|kv_reuse_attention|laurel|lm_head_bias|modality|ngram_memory|norm_scheme|optional_nope|output_head_connection|periodic_no_rope_layers|projection_bias_scheme|q_lora_present|qk_norm|residual_scheme|residual_update_rule|rglru_recurrence|rope_parameterization|rope_partition_detail|same_block_attention_ssm|secondary_token_mixer|stack_topology|state_update_rule|tie_embeddings_configurable|tie_embeddings_default|uses_logit_scale|uses_logit_softcap|window_schedule_detail|windowed_rope_scope
llama,iquestloopcoder,2023-02-27,2025-12-30,1037,1,48,altup|attention_family|attention_output_gating|attention_pattern|attention_projection|bitlinear_weights|block_norm_variant|chunked_kv_cache|conv_on_kv|cross_layer_kv_sharing|dual_attention_modules|ffn_core|ffn_projection_style|gated_delta_net|global_plus_linear_attention_mix|has_aux_relu2_gate|has_aux_silu_gate|has_moe|hybrid_block_schedule|kv_layout|kv_lora_present|kv_reuse_attention|laurel|lm_head_bias|modality|ngram_memory|norm_scheme|optional_nope|output_head_connection|periodic_no_rope_layers|positional_encoding|projection_bias_scheme|q_lora_present|qk_norm|residual_scheme|residual_update_rule|rglru_recurrence|rope_parameterization|rope_partition_detail|same_block_attention_ssm|secondary_token_mixer|stack_topology|state_update_rule|tie_embeddings_configurable|uses_logit_scale|uses_logit_softcap|window_schedule_detail|windowed_rope_scope
lille-130m,youtu_llm,2025-08-31,2025-12-31,122,1,26,altup|bitlinear_weights|block_norm_variant|chunked_kv_cache|dual_attention_modules|ffn_core|ffn_projection_style|global_plus_linear_attention_mix|has_aux_relu2_gate|has_aux_silu_gate|has_moe|hybrid_block_schedule|kv_reuse_attention|laurel|lm_head_bias|periodic_no_rope_layers|positional_encoding|projection_bias_scheme|qk_norm|residual_update_rule|rglru_recurrence|same_block_attention_ssm|secondary_token_mixer|tie_embeddings_configurable|tie_embeddings_default|uses_logit_softcap
minicpm3,youtu_llm,2024-09-05,2025-12-31,482,0,24,attention_family|attention_output_gating|attention_pattern|attention_projection|conv_on_kv|cross_layer_kv_sharing|ffn_activation_core|gated_delta_net|kv_layout|kv_lora_present|modality|ngram_memory|norm_scheme|optional_nope|output_head_connection|q_lora_present|residual_scheme|rope_parameterization|rope_partition_detail|stack_topology|state_update_rule|uses_logit_scale|window_schedule_detail|windowed_rope_scope
afmoe,exaone_moe,2025-12-01,2026-01-05,35,1,35,altup|attention_family|attention_pattern|bitlinear_weights|chunked_kv_cache|cross_layer_kv_sharing|expert_bias_correction|ffn_core|ffn_projection_style|has_aux_relu2_gate|has_aux_silu_gate|has_moe|has_shared_expert|hybrid_block_schedule|kv_lora_present|laurel|lm_head_bias|modality|moe_distribution|moe_schedule_type|moe_subtype|optional_nope|output_head_connection|periodic_no_rope_layers|qk_norm|qk_norm_detail|rglru_recurrence|router_activation|shared_branch_merge_mode|stack_topology|tie_embeddings_configurable|tie_embeddings_default|uses_logit_scale|uses_logit_softcap|windowed_rope_scope
ministral3,exaone_moe,2025-12-02,2026-01-05,34,0,28,attention_output_gating|attention_projection|block_norm_variant|coefficient_mix_shared_routed|conv_on_kv|dual_attention_modules|ffn_activation_core|gated_delta_net|global_plus_linear_attention_mix|grouped_expert_selection|kv_layout|kv_reuse_attention|ngram_memory|norm_scheme|positional_encoding|projection_bias_scheme|q_lora_present|residual_scheme|residual_update_rule|rope_parameterization|rope_partition_detail|router_activation_configurable|same_block_attention_ssm|secondary_token_mixer|shared_expert_configurable|state_update_rule|window_schedule_detail|zero_expert_option
deepseek_v3,glm4_moe_lite,2024-12-26,2026-01-19,389,1,61,altup|attention_family|attention_output_gating|attention_pattern|attention_projection|bitlinear_weights|block_norm_variant|chunked_kv_cache|coefficient_mix_shared_routed|conv_on_kv|cross_layer_kv_sharing|dual_attention_modules|expert_bias_correction|ffn_activation_core|ffn_core|ffn_projection_style|gated_delta_net|global_plus_linear_attention_mix|grouped_expert_selection|has_aux_relu2_gate|has_aux_silu_gate|has_moe|has_shared_expert|hybrid_block_schedule|kv_layout|kv_lora_present|kv_reuse_attention|laurel|lm_head_bias|modality|moe_distribution|moe_schedule_type|moe_subtype|ngram_memory|norm_scheme|optional_nope|output_head_connection|periodic_no_rope_layers|positional_encoding|projection_bias_scheme|q_lora_present|qk_norm|residual_scheme|residual_update_rule|rglru_recurrence|rope_parameterization|rope_partition_detail|router_activation|router_activation_configurable|same_block_attention_ssm|secondary_token_mixer|shared_branch_merge_mode|shared_expert_configurable|stack_topology|state_update_rule|tie_embeddings_default|uses_logit_scale|uses_logit_softcap|window_schedule_detail|windowed_rope_scope|zero_expert_option
apertus,longcat_flash_ngram,2025-09-02,2026-01-29,149,0,14,attention_output_gating|expert_bias_correction|ffn_activation_core|global_plus_linear_attention_mix|has_aux_relu2_gate|has_shared_expert|hybrid_block_schedule|kv_reuse_attention|output_head_connection|projection_bias_scheme|residual_scheme|shared_expert_configurable|state_update_rule|window_schedule_detail
longcat_flash,longcat_flash_ngram,2025-09-01,2026-01-29,150,1,38,altup|attention_family|attention_projection|bitlinear_weights|block_norm_variant|chunked_kv_cache|conv_on_kv|cross_layer_kv_sharing|dual_attention_modules|ffn_core|ffn_projection_style|gated_delta_net|grouped_expert_selection|has_aux_silu_gate|has_moe|kv_layout|kv_lora_present|laurel|lm_head_bias|modality|moe_distribution|moe_schedule_type|moe_subtype|norm_scheme|q_lora_present|qk_norm|residual_update_rule|rglru_recurrence|router_activation|router_activation_configurable|same_block_attention_ssm|secondary_token_mixer|stack_topology|tie_embeddings_configurable|tie_embeddings_default|uses_logit_scale|uses_logit_softcap|zero_expert_option
afmoe,step3p5,2025-12-01,2026-02-01,62,1,36,attention_output_gating|attention_projection|bitlinear_weights|chunked_kv_cache|conv_on_kv|cross_layer_kv_sharing|dual_attention_modules|ffn_projection_style|gated_delta_net|global_plus_linear_attention_mix|has_shared_expert|kv_reuse_attention|laurel|lm_head_bias|modality|moe_subtype|ngram_memory|optional_nope|periodic_no_rope_layers|projection_bias_scheme|q_lora_present|qk_norm|qk_norm_detail|residual_update_rule|rglru_recurrence|rope_parameterization|router_activation|router_activation_configurable|same_block_attention_ssm|secondary_token_mixer|shared_branch_merge_mode|shared_expert_configurable|stack_topology|tie_embeddings_configurable|uses_logit_softcap|zero_expert_option
gpt_oss,step3p5,2025-08-05,2026-02-01,180,0,21,altup|attention_family|attention_pattern|coefficient_mix_shared_routed|expert_bias_correction|ffn_activation_core|ffn_core|grouped_expert_selection|has_aux_relu2_gate|has_moe|hybrid_block_schedule|kv_lora_present|moe_distribution|output_head_connection|residual_scheme|rope_partition_detail|state_update_rule|tie_embeddings_default|uses_logit_scale|window_schedule_detail|windowed_rope_scope
gpt_oss,qwen3_5,2025-08-05,2026-02-14,193,0,24,altup|attention_projection|chunked_kv_cache|coefficient_mix_shared_routed|dual_attention_modules|expert_bias_correction|ffn_activation_core|ffn_core|grouped_expert_selection|kv_layout|kv_lora_present|moe_schedule_type|moe_subtype|ngram_memory|optional_nope|q_lora_present|residual_scheme|residual_update_rule|router_activation|same_block_attention_ssm|secondary_token_mixer|tie_embeddings_default|windowed_rope_scope|zero_expert_option
qwen3_next,qwen3_5,2025-09-09,2026-02-14,158,1,36,attention_family|attention_output_gating|attention_pattern|bitlinear_weights|block_norm_variant|conv_on_kv|cross_layer_kv_sharing|ffn_projection_style|gated_delta_net|global_plus_linear_attention_mix|has_aux_relu2_gate|has_aux_silu_gate|has_moe|has_shared_expert|hybrid_block_schedule|kv_reuse_attention|laurel|lm_head_bias|moe_distribution|norm_scheme|output_head_connection|periodic_no_rope_layers|positional_encoding|projection_bias_scheme|qk_norm|qk_norm_detail|rglru_recurrence|router_activation_configurable|shared_branch_merge_mode|shared_expert_configurable|stack_topology|state_update_rule|tie_embeddings_configurable|uses_logit_scale|uses_logit_softcap|window_schedule_detail
